Created date (UTC);Amount;Currency;Captured;Converted Amount;Converted Currency;Fee;Payment Source Type;Status;Taxes On Fee;Card Address Country;Card Funding;Card Issue Country;Customer ID;Invoice Number
2024-06-07 02:38:54;15.00;usd;TRUE;534.80;thb;35.40;card;Paid;2.48;PE;debit;PE;cus_PsVhjffeodeyRV;BC4E5A99-0005
2024-06-06 21:29:22;9.00;eur;TRUE;350.06;thb;26.63;card;Paid;1.86;ES;debit;ES;cus_PKL9znF4IrcbXM;708E27E1-0006
2024-06-06 19:57:03;15.00;usd;TRUE;535.36;thb;35.43;card;Paid;2.48;US;debit;US;cus_Q3dz51GS98Gx5y;02B9FC6C-0002
2024-06-06 18:36:33;9.00;eur;TRUE;350.03;thb;26.63;card;Paid;1.86;ES;debit;ES;cus_PsNuPhQrCoMKuj;9A052843-0003
2024-06-06 16:35:00;15.00;usd;TRUE;535.58;thb;35.44;card;Paid;2.48;BR;credit;BR;cus_PsLxLleZVit9ew;3AB28FE2-0003
2024-06-06 03:33:55;1440.00;mxn;TRUE;2943.86;thb;149.83;card;Paid;10.49;MX;credit;MX;cus_QF17hD6G3x4Rnz;94F3E83C-0001
2024-06-06 01:37:43;145.00;mxn;TRUE;297.03;thb;24.11;card;Paid;1.69;MX;credit;MX;cus_QEzFFUumO5uUnG;2084F67C-0001
2024-06-05 21:59:09;15.00;usd;TRUE;537.89;thb;35.55;card;Paid;2.49;US;debit;US;cus_Q3IjNL1M0aekBq;B6C3F502-0002
2024-06-04 19:07:08;15.00;usd;TRUE;538.11;thb;35.56;card;Paid;2.49;UY;credit;UY;cus_Pn7fSY90JsDuo3;796DDBA9-0004
2024-06-04 14:54:59;9.00;eur;TRUE;350.62;thb;26.65;card;Paid;1.87;ES;debit;ES;cus_PrZst50U0RICjl;A11FA995-0003
2024-06-03 23:15:38;145.00;mxn;TRUE;294.85;thb;24.01;card;Paid;1.68;MX;credit;MX;cus_OxuMNFNznXmAve;418ECED5-0006
2024-06-03 15:49:51;9.00;eur;TRUE;351.80;thb;26.71;card;Paid;1.87;ES;debit;ES;cus_P7W0ON5MCj8Yzi;431AACEC-0007
2024-06-03 04:14:15;15.00;usd;TRUE;540.52;thb;35.67;card;Paid;2.50;US;prepaid;US;cus_Q0L6cHoEc4wNlH;F2BFAD2A-0002
2024-06-03 01:48:28;150.00;mxn;TRUE;318.77;thb;25.14;card;Paid;1.76;MX;debit;MX;cus_PfNzegRyU9XBFS;778B2A26-0004
2024-06-02 20:40:15;15.00;usd;TRUE;541.51;thb;35.72;card;Paid;2.50;US;credit;US;cus_PfJ0u9bRrSUFMf;F30269B7-0004
2024-06-02 19:29:51;150.00;mxn;TRUE;317.87;thb;25.10;card;Paid;1.76;MX;debit;MX;cus_PfHrVhSSsKwXJh;983AC822-0004
2024-06-02 19:03:44;145.00;mxn;TRUE;307.27;thb;24.60;card;Paid;1.72;MX;debit;MX;cus_PCDM4UUGYCG1Zq;0B236D35-0006
2024-06-02 13:21:25;9.00;eur;TRUE;352.18;thb;26.73;card;Paid;1.87;ES;debit;ES;cus_P76OwoD9i9u3NY;3811CC90-0007
2024-06-02 03:49:38;145.00;mxn;TRUE;307.37;thb;24.60;card;Paid;1.72;MX;debit;MX;cus_Q0Il0m9pQ7vYmf;FE304558-0002
2024-06-02 00:36:55;15.00;usd;TRUE;541.46;thb;35.72;card;Paid;2.50;US;prepaid;US;cus_PezboRbYizcBVf;C247F1F6-0004
2024-06-01 23:42:35;145.00;mxn;TRUE;307.21;thb;24.59;card;Paid;1.72;MX;credit;MX;cus_QDSU7xK3sVzIMa;5A83A240-0001
2024-06-01 15:07:12;9.00;eur;TRUE;352.22;thb;26.73;card;Paid;1.87;ES;credit;ES;cus_QDK9dozUVSknJh;952EAD50-0001
2024-06-01 14:09:06;15.00;usd;TRUE;541.51;thb;35.72;card;Paid;2.50;CO;credit;CO;cus_QDJAiGlV5dUy2S;8F522D86-0001
2024-06-01 08:50:37;15.00;usd;TRUE;541.29;thb;35.71;card;Paid;2.50;PE;debit;PE;cus_QDE6HgcTTefawy;5DAE4E55-0001
2024-06-01 03:50:02;15.00;usd;TRUE;541.35;thb;35.71;card;Paid;2.50;PR;debit;PR;cus_PefSQcJBnLBVIm;722C5C39-0004
2024-06-01 03:37:31;15.00;usd;TRUE;541.35;thb;35.71;card;Paid;2.50;US;credit;US;cus_QD93iVU5avkTEd;4B3A99FA-0001
2024-06-01 01:13:00;15.00;usd;TRUE;541.29;thb;35.71;card;Paid;2.50;US;debit;US;cus_QD6iTMfpYpKyN9;3BA4EFB7-0001
2024-06-01 00:19:30;9.00;eur;TRUE;352.22;thb;26.73;card;Paid;1.87;ES;debit;ES;cus_P3CXSPrSgfHW3T;A8730ABF-0006
2024-06-01 00:05:31;145.00;mxn;TRUE;307.36;thb;24.60;card;Paid;1.72;MX;credit;MX;cus_P3531Ohuz8oeCz;C76ED690-0006
2024-05-31 14:43:01;9.00;eur;TRUE;351.90;thb;26.72;card;Paid;1.87;ES;credit;ES;cus_Pq4nonkCUQfXOe;807FEE77-0003
2024-05-31 09:48:49;145.00;mxn;TRUE;306.80;thb;24.57;card;Paid;1.72;MX;debit;MX;cus_Pn7y3EF7Mk4Gsl;BB51E797-0003
2024-05-31 04:44:51;15.00;usd;TRUE;539.99;thb;35.65;card;Paid;2.50;US;debit;US;cus_PTRcnc7zYfcOBu;C1FDE871-0005
2024-05-30 20:06:35;9.00;eur;TRUE;350.64;thb;26.66;card;Paid;1.87;ES;debit;ES;cus_P6SR9wPtefJycd;3CA55D8A-0007
2024-05-29 17:13:33;9.00;eur;TRUE;351.19;thb;26.68;card;Paid;1.87;ES;debit;ES;cus_QCEXS8eDoQSTwN;C959C741-0001
2024-05-29 16:40:40;15.00;usd;TRUE;541.22;thb;35.71;card;Paid;2.50;PA;debit;PA;cus_QCE03asUW9pqpN;611F66A7-0001
2024-05-29 16:12:08;9.00;eur;TRUE;351.09;thb;26.68;card;Paid;1.87;ES;debit;ES;cus_P61S5TNFsCj4T5;9F4D816D-0007
2024-05-28 21:38:26;15.00;usd;TRUE;537.91;thb;35.55;card;Paid;2.49;PE;credit;PE;cus_P39wk2AAILkwqB;8AD5286E-0008
2024-05-28 21:10:09;9.00;eur;TRUE;350.42;thb;26.64;card;Paid;1.86;ES;credit;ES;cus_P5j2ISNcrIaF0n;B974865A-0007
2024-05-28 20:38:55;9.00;eur;TRUE;350.36;thb;26.64;card;Paid;1.86;ES;debit;ES;cus_P5iWrTJKvG0STe;43528FAC-0007
2024-05-28 18:52:46;2350.00;mxn;TRUE;5013.06;thb;248.12;card;Paid;17.37;MX;debit;MX;;
2024-05-28 18:18:31;9.00;eur;TRUE;350.60;thb;26.65;card;Paid;1.87;ES;credit;ES;cus_P5gGCVWWYKQQm4;FC475270-0007
2024-05-28 14:45:35;15.00;usd;TRUE;537.69;thb;35.54;card;Paid;2.49;AR;prepaid;AR;cus_Q0ZAKeQ9oI6CJd;677CF889-0002
2024-05-28 11:14:09;9.00;eur;TRUE;351.50;thb;26.70;card;Paid;1.87;ES;debit;ES;cus_QBlVRZnz5pQh3K;3E7A4854-0001
2024-05-27 20:38:49;15.00;usd;TRUE;537.51;thb;35.53;card;Paid;2.49;CL;debit;CL;cus_PDT3RapllljmOG;25AB3CFA-0008
2024-05-27 13:28:44;15.00;usd;TRUE;538.25;thb;35.57;card;Paid;2.49;DZ;prepaid;DZ;cus_Q0Ahmxk0xW4sWZ;4965A133-0002
2024-05-26 19:23:11;15.00;usd;TRUE;538.77;thb;35.59;card;Paid;2.49;CL;credit;CL;cus_P4rK7Yw6Sz9gbv;D66F8328-0014
2024-05-26 17:59:09;15.00;usd;TRUE;538.77;thb;35.59;card;Paid;2.49;SV;debit;SV;cus_QB7BwRd7NPwQl1;02AD04F8-0001
2024-05-26 13:38:44;15.00;usd;TRUE;538.72;thb;35.59;card;Paid;2.49;CL;credit;CL;cus_P4rK7Yw6Sz9gbv;D66F8328-0013
2024-05-26 12:25:14;15.00;usd;TRUE;538.72;thb;35.59;card;Paid;2.49;DE;debit;DE;cus_PG4tzJpHBXXXML;D917C358-0006
2024-05-26 09:13:19;9.00;eur;TRUE;350.67;thb;26.66;card;Paid;1.87;ES;debit;ES;cus_PBEMAmKbHRpo46;9E0DC9CA-0006
2024-05-26 08:29:33;9.00;eur;TRUE;350.63;thb;26.65;card;Paid;1.87;ES;debit;ES;cus_QAyPRvX0LfS7Ds;C6D63400-0001
2024-05-25 20:07:43;15.00;usd;TRUE;538.88;thb;35.60;card;Paid;2.49;IT;credit;IT;cus_P4aMavYLRsNoLK;E77AC675-0007
2024-05-25 19:51:14;15.00;usd;TRUE;538.72;thb;35.59;card;Paid;2.49;CL;credit;CL;cus_QAmAEkwLBRA5Lc;47A79CDD-0001
2024-05-25 19:01:57;150.00;mxn;TRUE;322.62;thb;25.32;card;Paid;1.77;MX;debit;MX;cus_Pd25XikqryyJvH;CB34DB83-0004
2024-05-25 13:39:16;9.00;eur;TRUE;350.63;thb;26.65;card;Paid;1.87;ES;debit;ES;cus_PBEMAmKbHRpo46;9E0DC9CA-0007
2024-05-25 12:58:11;15.00;usd;TRUE;538.72;thb;35.59;card;Paid;2.49;UY;prepaid;UY;cus_QAfV8YIIcMxWth;C6A0B972-0001
2024-05-25 02:56:10;145.00;mxn;TRUE;311.99;thb;24.82;card;Paid;1.74;MX;credit;MX;cus_PDH77SXm4MGr8W;B34650E5-0010
2024-05-25 00:10:45;15.00;usd;TRUE;538.88;thb;35.60;card;Paid;2.49;DO;debit;DO;cus_PkELqfw970OmVc;3FB78823-0003
2024-05-24 22:56:01;145.00;mxn;TRUE;311.86;thb;24.81;card;Paid;1.74;MX;debit;MX;cus_PnaBxV7EjMn6OK;4B7E1F25-0003
2024-05-24 21:25:57;15.00;usd;TRUE;538.94;thb;35.60;card;Paid;2.49;GT;credit;GT;cus_PnYi05Ld4o6nhu;52C48382-0003
2024-05-24 13:32:08;9.00;eur;TRUE;350.95;thb;26.67;card;Paid;1.87;ES;credit;ES;cus_QAIpxTy1ARg5mC;258525FC-0001
2024-05-24 13:07:39;9.00;eur;TRUE;350.95;thb;26.67;card;Paid;1.87;ES;debit;ES;cus_P46MHuJCvuRyx9;0491CF61-0007
2024-05-24 05:44:53;145.00;mxn;TRUE;311.89;thb;24.81;card;Paid;1.74;MX;credit;MX;cus_PjANmDcJfXvF3w;83ACE2AA-0003
2024-05-24 02:24:53;9.00;eur;TRUE;349.59;thb;26.61;card;Paid;1.86;ES;credit;ES;cus_PtSV5lUGUrhyVp;35968908-0002
2024-05-23 17:47:43;9.00;eur;TRUE;349.45;thb;26.60;card;Paid;1.86;ES;debit;ES;cus_Pn7yDs68Ai7xTf;B5DB95F2-0003
2024-05-23 17:21:20;9.00;eur;TRUE;349.45;thb;26.60;card;Paid;1.86;ES;debit;ES;cus_Pn7YzvVkAWr2pF;E5ABAD33-0003
2024-05-23 13:05:16;9.00;eur;TRUE;349.67;thb;26.61;card;Paid;1.86;AD;debit;AD;cus_PExsitwR3JvBzr;79D37F43-0006
2024-05-23 04:16:17;15.00;usd;TRUE;536.87;thb;35.50;card;Paid;2.49;CL;credit;CL;cus_PEpKDhBrM7r2Ly;0B6E4845-0006
2024-05-23 02:16:55;15.00;usd;TRUE;536.80;thb;35.50;card;Paid;2.49;US;debit;US;cus_PEnOXHoSX4RULA;76BE01C0-0006
2024-05-23 01:26:04;15.00;usd;TRUE;536.40;thb;35.48;card;Paid;2.48;PE;debit;PE;cus_PvXC771rybIn4G;A1D37EEB-0002
2024-05-22 23:14:36;9.00;eur;TRUE;348.14;thb;26.54;card;Paid;1.86;ES;debit;ES;cus_PyS11USJLKO89p;173A6D3D-0002
2024-05-22 21:06:18;15.00;usd;TRUE;536.05;thb;35.46;card;Paid;2.48;PE;debit;PE;cus_PbwOctHOqcfCRh;8FC88F6F-0004
2024-05-22 17:21:10;15.00;usd;TRUE;535.61;thb;35.44;card;Paid;2.48;CL;credit;CL;cus_PyMK69gDULBREE;2A8E9F04-0002
2024-05-22 16:07:30;9.00;eur;TRUE;348.51;thb;26.55;card;Paid;1.86;ES;credit;ES;cus_P3OobdGRbqJTUw;8A9AFD48-0007
2024-05-22 14:51:58;9.00;eur;TRUE;347.85;thb;26.52;card;Paid;1.86;ES;prepaid;ES;cus_Q9ZfhIx9Jrs4Qy;567AAC17-0001
2024-05-22 11:36:44;145.00;mxn;TRUE;310.79;thb;24.76;card;Paid;1.73;MX;credit;MX;cus_Pt0c93ZMnUSMws;1E843148-0002
2024-05-21 21:37:03;15.00;usd;TRUE;535.18;thb;35.42;card;Paid;2.48;CL;credit;CL;cus_Py3DifGdfaXz3h;D7DA745C-0002
2024-05-21 21:24:57;15.00;usd;TRUE;535.18;thb;35.42;card;Paid;2.48;US;debit;US;cus_PmR2OcNk0PtnpU;DE5394DA-0003
2024-05-21 20:43:52;150.00;mxn;TRUE;321.74;thb;25.28;card;Paid;1.77;MX;debit;MX;cus_PbYoW8JjzpPW6Z;58CEBEB6-0004
2024-05-21 19:03:58;15.00;usd;TRUE;535.00;thb;35.41;card;Paid;2.48;IT;prepaid;IT;cus_Py0jJFgqMgbGLd;13F2CEF7-0002
2024-05-20 23:49:53;145.00;mxn;TRUE;309.92;thb;24.72;card;Paid;1.73;MX;debit;MX;cus_Pxi8vvjCy0Ze1T;577D0B3A-0002
2024-05-20 18:47:25;9.00;eur;TRUE;345.67;thb;26.42;card;Paid;1.85;ES;debit;ES;cus_PPXihzYFVGGCSb;1DB53FBC-0005
2024-05-20 03:40:32;15.00;usd;TRUE;530.34;thb;35.19;card;Paid;2.46;PE;debit;PE;cus_PsVhjffeodeyRV;BC4E5A99-0002
2024-05-20 02:17:11;15.00;usd;TRUE;530.87;thb;35.22;card;Paid;2.47;PA;debit;PA;cus_PxNG9wsQUq6KPF;BE9F081E-0002
2024-05-20 00:29:43;150.00;mxn;TRUE;319.50;thb;25.18;card;Paid;1.76;MX;credit;MX;cus_PPG0v0Q42QPHKC;D49C4C61-0005
2024-05-19 22:32:23;9.00;eur;TRUE;346.13;thb;26.44;card;Paid;1.85;ES;debit;ES;cus_Paq7b9mF3ugfT2;12CF479B-0004
2024-05-19 17:45:36;145.00;mxn;TRUE;308.79;thb;24.67;card;Paid;1.73;MX;credit;MX;cus_Q8UnkJtgc2KawH;CA10C618-0001
2024-05-19 14:25:15;15.00;usd;TRUE;530.58;thb;35.20;card;Paid;2.46;CL;debit;CL;cus_PbYS8F7CSDdEKX;F192AAD1-0006
2024-05-19 13:10:08;15.00;usd;TRUE;530.61;thb;35.20;card;Paid;2.46;CL;credit;CL;cus_PDT3RapllljmOG;25AB3CFA-0007
2024-05-18 20:11:28;15.00;usd;TRUE;530.42;thb;35.19;card;Paid;2.46;SV;debit;SV;cus_Q89v8Nlgyj21va;87424D78-0001
2024-05-18 18:44:30;9.00;eur;TRUE;346.07;thb;26.44;card;Paid;1.85;ES;debit;ES;cus_Pwslax2Q0HXbTo;C55EF2F0-0002
2024-05-18 17:23:09;9.00;eur;TRUE;346.14;thb;26.44;card;Paid;1.85;ES;credit;ES;cus_P1v7jHyMDtt3Sh;F2EDE05C-0007
2024-05-18 14:19:33;145.00;mxn;TRUE;308.84;thb;24.67;card;Paid;1.73;MX;debit;MX;cus_PjsCWerJns2Lg1;947DA2F9-0003
2024-05-17 21:19:50;15.00;usd;TRUE;530.54;thb;35.20;card;Paid;2.46;US;debit;US;cus_Q7nnnvMW7QLXD7;E7E96B91-0001
2024-05-17 18:35:58;9.00;eur;TRUE;346.08;thb;26.44;card;Paid;1.85;ES;credit;ES;cus_PwVObzu319cepQ;D93B4B1B-0002
2024-05-17 17:40:41;9.00;eur;TRUE;346.22;thb;26.45;card;Paid;1.85;ES;debit;ES;cus_PksVbgKIONyJRg;735F0348-0003
2024-05-17 13:32:44;9.00;eur;TRUE;346.75;thb;26.47;card;Paid;1.85;ES;debit;ES;cus_Q7gG0Suk2Xrw4v;01D4D401-0001
2024-05-17 09:35:23;9.00;eur;TRUE;346.58;thb;26.46;card;Paid;1.85;ES;debit;ES;cus_PCf7wE8aoYhviU;53040A07-0006
2024-05-17 08:07:58;9.00;eur;TRUE;346.71;thb;26.47;card;Paid;1.85;ES;debit;ES;cus_PtOLRD4uqOHjVa;99B8C429-0002
2024-05-17 01:50:24;15.00;usd;TRUE;533.02;thb;35.32;card;Paid;2.47;PA;credit;PA;cus_Pkd9ruq2PJmzAP;A2299086-0003
2024-05-16 23:37:06;9.00;eur;TRUE;346.84;thb;26.47;card;Paid;1.85;ES;credit;ES;cus_Pkb2pbnbTRIJrL;BAE272C8-0003
2024-05-16 19:30:39;145.00;mxn;TRUE;308.45;thb;24.65;card;Paid;1.73;MX;debit;MX;cus_PkX3TEpFLPQwl5;BC112474-0003
2024-05-16 19:05:48;145.00;mxn;TRUE;308.45;thb;24.65;card;Paid;1.73;MX;debit;MX;cus_PkWeUqOHtTaiIB;F6F901E7-0003
2024-05-16 18:52:06;9.00;eur;TRUE;346.73;thb;26.47;card;Paid;1.85;ES;credit;ES;cus_PkWQSaOGFa5OIw;141B23C9-0003
2024-05-16 17:55:51;9.00;eur;TRUE;347.08;thb;26.49;card;Paid;1.85;ES;credit;ES;cus_PkVWatQIhQ4QZY;E4702569-0003
2024-05-16 17:47:17;15.00;usd;TRUE;532.01;thb;35.27;card;Paid;2.47;CH;credit;CH;cus_PkVNHAN8qXXMbz;D01EDCCE-0003
2024-05-16 16:00:33;145.00;mxn;TRUE;308.26;thb;24.64;card;Paid;1.72;MX;debit;MX;cus_Pw5f1hlvYZK5h8;003F2CD3-0002
2024-05-16 05:00:33;145.00;mxn;TRUE;306.71;thb;24.57;card;Paid;1.72;MX;debit;MX;cus_PkIzk9rlxIyQK5;6E08747A-0003
2024-05-15 14:08:45;15.00;usd;TRUE;537.36;thb;35.52;card;Paid;2.49;PE;debit;PE;cus_PsVhjffeodeyRV;BC4E5A99-0004
2024-05-15 08:19:36;9.00;eur;TRUE;349.03;thb;26.58;card;Paid;1.86;ES;credit;ES;cus_Q6qleZyAuSw12v;5B2AA93A-0001
2024-05-15 02:28:47;15.00;usd;TRUE;537.12;thb;35.51;card;Paid;2.49;US;debit;US;cus_PZ1mssgdQYgH1P;3D8CBC6B-0004
2024-05-14 18:59:24;9.00;eur;TRUE;349.10;thb;26.58;card;Paid;1.86;ES;debit;ES;cus_PNIXEoOn1wGL8i;68931E3E-0005
2024-05-14 16:49:11;15.00;usd;TRUE;538.14;thb;35.56;card;Paid;2.49;HK;credit;HK;cus_Q6bkAE7HnG7oqj;2F69409D-0001
2024-05-14 12:03:41;9.00;eur;TRUE;349.20;thb;26.59;card;Paid;1.86;ES;debit;ES;cus_PvHOzgxfroh5Qq;E1708EDF-0002
2024-05-14 06:47:08;150.00;mxn;TRUE;321.22;thb;25.26;card;Paid;1.77;MX;debit;MX;cus_PYihwR6Rp42DaU;88B620CF-0004
2024-05-13 23:13:59;15.00;usd;TRUE;541.09;thb;35.70;card;Paid;2.50;AR;credit;AR;cus_PjSyF21XIqZfUs;0E9C2BBF-0003
2024-05-13 18:22:37;9.00;eur;TRUE;350.31;thb;26.64;card;Paid;1.86;ES;debit;ES;cus_Oxo3qmq02OJXtf;2AFFA50C-0008
2024-05-13 15:40:43;9.00;eur;TRUE;350.31;thb;26.64;card;Paid;1.86;ES;credit;ES;cus_PMs62h0qkwEkNu;304092E2-0005
2024-05-13 12:41:31;9.00;eur;TRUE;350.04;thb;26.63;card;Paid;1.86;ES;debit;ES;cus_P9uMlWGx9ZIFb7;C4DCCB5C-0003
2024-05-12 18:38:39;9.00;eur;TRUE;349.32;thb;26.59;card;Paid;1.86;ES;debit;ES;cus_Pj1IyuvNP8tp03;4E3390F0-0003
2024-05-12 18:34:03;15.00;usd;TRUE;540.63;thb;35.68;card;Paid;2.50;CL;credit;CL;cus_PudE9jXgOyrdbF;0F76FF45-0002
2024-05-12 14:56:43;6.75;eur;TRUE;262.02;thb;22.45;card;Paid;1.57;ES;credit;ES;cus_Oxp69mpoumoMaq;EC97B2D8-0004
2024-05-11 15:28:56;9.00;eur;TRUE;349.29;thb;26.59;card;Paid;1.86;ES;debit;ES;cus_OzGgEW5nFqPeUd;0E136B7E-0007
2024-05-11 12:05:41;9.00;eur;TRUE;349.36;thb;26.59;card;Paid;1.86;ES;debit;ES;cus_Q5PVja0tIOivMJ;6A395A7F-0001
2024-05-10 23:02:22;145.00;mxn;TRUE;311.33;thb;24.79;card;Paid;1.74;MX;debit;MX;cus_Q5CrZNc9uAPik6;931DF77F-0001
2024-05-10 19:50:10;9.00;eur;TRUE;349.32;thb;26.59;card;Paid;1.86;ES;debit;ES;cus_Ptu0mZNqy2OEES;C71A6030-0002
2024-05-10 17:48:41;145.00;mxn;TRUE;311.13;thb;24.78;card;Paid;1.73;MX;debit;MX;cus_Pts31hN2A6P66i;F40A47E2-0002
2024-05-10 16:28:54;150.00;mxn;TRUE;322.27;thb;25.31;card;Paid;1.77;MX;debit;MX;cus_PfHrVhSSsKwXJh;983AC822-0003
2024-05-10 13:54:31;9.00;eur;TRUE;349.43;thb;26.60;card;Paid;1.86;ES;debit;ES;cus_PLii71z6TKivF1;94E7161D-0005
2024-05-10 03:18:02;15.00;usd;TRUE;540.29;thb;35.66;card;Paid;2.50;CR;debit;CR;cus_Oz3U9bYMqP3ql6;E4884E0A-0006
2024-05-09 04:29:24;145.00;mxn;TRUE;310.04;thb;24.73;card;Paid;1.73;MX;debit;MX;cus_PtHvd9a2by42ME;3964B90D-0002
2024-05-09 02:07:50;15.00;usd;TRUE;543.15;thb;35.80;card;Paid;2.51;BO;debit;BO;cus_PqbMQ1RtWgXXH3;A4634821-0003
2024-05-08 18:57:12;9.00;eur;TRUE;350.02;thb;26.63;card;Paid;1.86;ES;debit;ES;cus_P4B7To7VbLnAb5;E3C25F39-0002
2024-05-08 18:41:41;15.00;usd;TRUE;543.03;thb;35.79;card;Paid;2.51;CA;debit;CA;cus_Q4OD4uSyvkt0Nw;35932EDF-0001
2024-05-08 13:37:02;9.00;eur;TRUE;350.41;thb;26.64;card;Paid;1.86;ES;debit;ES;cus_PiiAOBemCY0lGU;1F847DAA-0002
2024-05-07 18:00:18;9.00;eur;TRUE;350.12;thb;26.63;card;Paid;1.86;ES;debit;ES;cus_OxoEIeRGxxrTH2;86476DC3-0007
2024-05-07 14:16:58;15.00;usd;TRUE;541.54;thb;35.72;card;Paid;2.50;CL;credit;CL;cus_PEpKDhBrM7r2Ly;0B6E4845-0005
2024-05-07 13:42:13;9.00;eur;TRUE;349.95;thb;26.62;card;Paid;1.86;ES;debit;ES;cus_Oxk43dL9D3RKK4;1302C27C-0007
2024-05-06 21:28:20;9.00;eur;TRUE;349.02;thb;26.58;card;Paid;1.86;ES;debit;ES;cus_PKL9znF4IrcbXM;708E27E1-0005
2024-05-06 20:44:13;9.00;eur;TRUE;349.07;thb;26.58;card;Paid;1.86;ES;debit;ES;cus_Pgny7BgkbsHfie;E37A707C-0003
2024-05-06 18:55:54;15.00;usd;TRUE;540.05;thb;35.65;card;Paid;2.50;US;debit;US;cus_Q3dz51GS98Gx5y;02B9FC6C-0001
2024-05-06 18:37:10;9.00;eur;TRUE;349.12;thb;26.58;card;Paid;1.86;ES;debit;ES;cus_PsNuPhQrCoMKuj;9A052843-0002
2024-05-06 16:34:35;15.00;usd;TRUE;540.31;thb;35.66;card;Paid;2.50;BR;credit;BR;cus_PsLxLleZVit9ew;3AB28FE2-0002
2024-05-05 20:57:52;15.00;usd;TRUE;539.84;thb;35.64;card;Paid;2.49;US;debit;US;cus_Q3IjNL1M0aekBq;B6C3F502-0001
2024-05-05 05:19:19;15.00;usd;TRUE;540.15;thb;35.66;card;Paid;2.50;MX;debit;MX;cus_Q33aG3QpWrxhv3;D6785EA4-0001
2024-05-04 18:05:30;15.00;usd;TRUE;540.15;thb;35.66;card;Paid;2.50;UY;credit;UY;cus_Pn7fSY90JsDuo3;796DDBA9-0003
2024-05-04 14:54:56;9.00;eur;TRUE;348.70;thb;26.56;card;Paid;1.86;ES;debit;ES;cus_PrZst50U0RICjl;A11FA995-0002
2024-05-04 11:45:19;15.00;usd;TRUE;540.15;thb;35.66;card;Paid;2.50;US;debit;US;cus_PTRcnc7zYfcOBu;C1FDE871-0004
2024-05-04 00:11:09;15.00;usd;TRUE;540.15;thb;35.66;card;Paid;2.50;CL;credit;CL;cus_PDT3RapllljmOG;25AB3CFA-0005
2024-05-03 23:14:36;145.00;mxn;TRUE;307.66;thb;24.61;card;Paid;1.72;MX;credit;MX;cus_OxuMNFNznXmAve;418ECED5-0005
2024-05-03 15:50:32;9.00;eur;TRUE;349.51;thb;26.60;card;Paid;1.86;ES;debit;ES;cus_P7W0ON5MCj8Yzi;431AACEC-0006
2024-05-03 04:21:27;150.00;mxn;TRUE;318.87;thb;25.15;card;Paid;1.76;MX;debit;MX;cus_P7KsfpPclGvmNb;1C3A88C8-0006
2024-05-03 01:48:34;150.00;mxn;TRUE;319.01;thb;25.15;card;Paid;1.76;MX;debit;MX;cus_PfNzegRyU9XBFS;778B2A26-0003
2024-05-02 20:39:36;15.00;usd;TRUE;541.19;thb;35.71;card;Paid;2.50;US;credit;US;cus_PfJ0u9bRrSUFMf;F30269B7-0003
2024-05-02 17:05:41;150.00;mxn;TRUE;320.09;thb;25.20;card;Paid;1.76;MX;credit;MX;cus_PfFYACTnJqO3oW;DDB8EAEB-0003
2024-05-02 13:21:49;9.00;eur;TRUE;348.76;thb;26.57;card;Paid;1.86;ES;debit;ES;cus_P76OwoD9i9u3NY;3811CC90-0006
2024-05-02 00:43:58;145.00;mxn;TRUE;310.05;thb;24.73;card;Paid;1.73;MX;debit;MX;cus_Pkra36witOR6ei;7A934157-0002
2024-05-02 00:36:22;15.00;usd;TRUE;543.70;thb;35.83;card;Paid;2.51;US;prepaid;US;cus_PezboRbYizcBVf;C247F1F6-0003
2024-05-01 17:51:08;9.00;eur;TRUE;349.46;thb;26.60;card;Paid;1.86;ES;debit;ES;cus_Q1ko91dBOkPXR5;C7F3D490-0001
2024-05-01 14:48:04;145.00;mxn;TRUE;309.37;thb;24.70;card;Paid;1.73;MX;debit;MX;cus_Pn7y3EF7Mk4Gsl;BB51E797-0002
2024-05-01 03:47:12;15.00;usd;TRUE;547.23;thb;35.99;card;Paid;2.52;PR;debit;PR;cus_PefSQcJBnLBVIm;722C5C39-0003
2024-05-01 03:05:37;15.00;usd;TRUE;547.23;thb;35.99;card;Paid;2.52;MX;debit;MX;cus_P6YY51cnjMTpJ3;5832F41F-0006
2024-04-30 20:05:54;9.00;eur;TRUE;350.06;thb;26.63;card;Paid;1.86;ES;debit;ES;cus_P6SR9wPtefJycd;3CA55D8A-0006
2024-04-30 14:58:43;9.00;eur;TRUE;350.67;thb;26.66;card;Paid;1.87;ES;debit;ES;cus_Q1Kokez9z6EQVg;CB83BD5D-0001
2024-04-30 14:43:15;9.00;eur;TRUE;350.67;thb;26.66;card;Paid;1.87;ES;credit;ES;cus_Pq4nonkCUQfXOe;807FEE77-0002
2024-04-30 10:11:19;9.00;eur;TRUE;350.55;thb;26.65;three_d_secure_2;Paid;1.87;ES;credit;ES;cus_PnT8ZDKZzBr9Y2;8F6D15EE-0003
2024-04-29 16:12:32;9.00;eur;TRUE;349.95;thb;26.62;card;Paid;1.86;ES;debit;ES;cus_P61S5TNFsCj4T5;9F4D816D-0006
2024-04-28 21:38:32;15.00;usd;TRUE;543.96;thb;35.84;card;Paid;2.51;PE;credit;PE;cus_P39wk2AAILkwqB;8AD5286E-0007
2024-04-28 21:10:16;9.00;eur;TRUE;349.13;thb;26.58;card;Paid;1.86;ES;credit;ES;cus_P5j2ISNcrIaF0n;B974865A-0006
2024-04-28 20:37:21;9.00;eur;TRUE;349.04;thb;26.58;card;Paid;1.86;ES;debit;ES;cus_P5iWrTJKvG0STe;43528FAC-0006
2024-04-28 18:18:57;9.00;eur;TRUE;349.08;thb;26.58;card;Paid;1.86;ES;credit;ES;cus_P5gGCVWWYKQQm4;FC475270-0006
2024-04-28 13:44:43;15.00;usd;TRUE;543.99;thb;35.84;card;Paid;2.51;AR;prepaid;AR;cus_Q0ZAKeQ9oI6CJd;677CF889-0001
2024-04-27 23:12:30;15.00;usd;TRUE;543.94;thb;35.84;card;Paid;2.51;US;prepaid;US;cus_Q0L6cHoEc4wNlH;F2BFAD2A-0001
2024-04-27 21:30:31;150.00;mxn;TRUE;317.06;thb;25.06;card;Paid;1.75;MX;credit;MX;cus_PPG0v0Q42QPHKC;D49C4C61-0004
2024-04-27 20:48:16;145.00;mxn;TRUE;306.52;thb;24.56;card;Paid;1.72;MX;debit;MX;cus_Q0Il0m9pQ7vYmf;FE304558-0001
2024-04-27 19:41:23;15.00;usd;TRUE;543.99;thb;35.84;card;Paid;2.51;CL;debit;CL;cus_PDT3RapllljmOG;25AB3CFA-0006
2024-04-27 18:53:11;9.00;eur;TRUE;349.05;thb;26.58;card;Paid;1.86;ES;credit;ES;cus_PdmNCMdmDEV2uH;E5914AEE-0003
2024-04-27 12:27:31;15.00;usd;TRUE;543.94;thb;35.84;card;Paid;2.51;DZ;prepaid;DZ;cus_Q0Ahmxk0xW4sWZ;4965A133-0001
2024-04-26 21:24:21;15.00;usd;TRUE;543.97;thb;35.84;card;Paid;2.51;CL;credit;CL;cus_Pzw7uv6NTK0Afe;2810D1D4-0001
2024-04-26 21:01:41;145.00;mxn;TRUE;306.42;thb;24.55;card;Paid;1.72;MX;debit;MX;cus_PCDM4UUGYCG1Zq;0B236D35-0005
2024-04-26 19:24:02;15.00;usd;TRUE;543.88;thb;35.83;card;Paid;2.51;CL;credit;CL;cus_P4rK7Yw6Sz9gbv;D66F8328-0012
2024-04-26 13:39:33;15.00;usd;TRUE;543.08;thb;35.80;card;Paid;2.51;CL;credit;CL;cus_P4rK7Yw6Sz9gbv;D66F8328-0011
2024-04-26 12:24:29;15.00;usd;TRUE;543.26;thb;35.80;card;Paid;2.51;DE;debit;DE;cus_PG4tzJpHBXXXML;D917C358-0005
2024-04-25 20:07:45;15.00;usd;TRUE;544.66;thb;35.87;card;Paid;2.51;IT;credit;IT;cus_P4aMavYLRsNoLK;E77AC675-0006
2024-04-25 19:54:57;9.00;eur;TRUE;350.55;thb;26.65;card;Paid;1.87;ES;debit;ES;cus_PzXSNbzwEAnjh2;FBF9AB55-0001
2024-04-25 19:02:18;150.00;mxn;TRUE;316.52;thb;25.03;card;Paid;1.75;MX;debit;MX;cus_Pd25XikqryyJvH;CB34DB83-0003
2024-04-25 17:33:21;9.00;eur;TRUE;350.33;thb;26.64;card;Paid;1.86;ES;debit;ES;cus_P4Xs0jnzZFT53q;A5314389-0006
2024-04-25 17:13:30;9.00;eur;TRUE;350.33;thb;26.64;card;Paid;1.86;ES;credit;ES;cus_P4XXjM05OzbBBC;4,086918E+00
2024-04-25 00:07:08;9.00;eur;TRUE;349.88;thb;26.62;card;Paid;1.86;ES;credit;ES;cus_P3CXSPrSgfHW3T;A8730ABF-0005
2024-04-24 22:56:14;145.00;mxn;TRUE;308.39;thb;24.65;card;Paid;1.73;MX;debit;MX;cus_PnaBxV7EjMn6OK;4B7E1F25-0002
2024-04-24 21:25:26;15.00;usd;TRUE;544.71;thb;35.87;card;Paid;2.51;GT;credit;GT;cus_PnYi05Ld4o6nhu;52C48382-0002
2024-04-24 13:08:13;9.00;eur;TRUE;349.28;thb;26.59;card;Paid;1.86;ES;debit;ES;cus_P46MHuJCvuRyx9;0491CF61-0006
2024-04-24 04:43:00;145.00;mxn;TRUE;309.22;thb;24.69;card;Paid;1.73;MX;credit;MX;cus_PjANmDcJfXvF3w;83ACE2AA-0002
2024-04-23 18:58:31;9.00;eur;TRUE;348.68;thb;26.56;card;Paid;1.86;ES;credit;ES;cus_Pn97lj33TOvqdh;BCB05923-0002
2024-04-23 17:47:10;9.00;eur;TRUE;348.56;thb;26.56;card;Paid;1.86;ES;debit;ES;cus_Pn7yDs68Ai7xTf;B5DB95F2-0002
2024-04-23 17:21:02;9.00;eur;TRUE;348.56;thb;26.56;card;Paid;1.86;ES;debit;ES;cus_Pn7YzvVkAWr2pF;E5ABAD33-0002
2024-04-23 13:05:32;9.00;eur;TRUE;348.40;thb;26.55;card;Paid;1.86;AD;debit;AD;cus_PExsitwR3JvBzr;79D37F43-0005
2024-04-23 02:16:07;15.00;usd;TRUE;545.13;thb;35.89;card;Paid;2.51;US;debit;US;cus_PEnOXHoSX4RULA;76BE01C0-0005
2024-04-22 22:13:27;9.00;eur;TRUE;348.18;thb;26.54;card;Paid;1.86;ES;debit;ES;cus_PyS11USJLKO89p;173A6D3D-0001
2024-04-22 21:06:29;15.00;usd;TRUE;544.43;thb;35.86;card;Paid;2.51;PE;debit;PE;cus_PbwOctHOqcfCRh;8FC88F6F-0003
2024-04-22 16:24:37;9.00;eur;TRUE;348.15;thb;26.54;card;Paid;1.86;ES;debit;ES;cus_P5ereZCMM0CWwD;1F3F355C-0003
2024-04-22 16:20:35;15.00;usd;TRUE;544.99;thb;35.89;card;Paid;2.51;CL;credit;CL;cus_PyMK69gDULBREE;2A8E9F04-0001
2024-04-22 16:08:24;9.00;eur;TRUE;348.15;thb;26.54;card;Paid;1.86;ES;credit;ES;cus_P3OobdGRbqJTUw;8A9AFD48-0006
2024-04-21 23:25:41;9.00;eur;TRUE;346.29;thb;26.45;card;Paid;1.85;ES;debit;ES;cus_PNH2PIo6QDrzVM;E78F5361-0004
2024-04-21 21:25:52;15.00;usd;TRUE;541.52;thb;35.72;card;Paid;2.50;US;debit;US;cus_PmR2OcNk0PtnpU;DE5394DA-0002
2024-04-21 20:44:53;150.00;mxn;TRUE;316.66;thb;25.04;card;Paid;1.75;MX;debit;MX;cus_PbYoW8JjzpPW6Z;58CEBEB6-0003
2024-04-21 20:35:42;15.00;usd;TRUE;541.42;thb;35.72;card;Paid;2.50;CL;credit;CL;cus_Py3DifGdfaXz3h;D7DA745C-0001
2024-04-21 19:45:26;150.00;mxn;TRUE;316.73;thb;25.04;card;Paid;1.75;MX;debit;MX;cus_PYihwR6Rp42DaU;88B620CF-0003
2024-04-21 18:39:53;234.00;usd;TRUE;8451.29;thb;411.44;card;Paid;28.80;CL;credit;CL;cus_P4h0PFoFiwFxjE;
2024-04-21 18:33:02;145.00;mxn;TRUE;306.24;thb;24.55;card;Paid;1.72;MX;debit;MX;cus_PmOGAFe4IkmZop;BEC57C4B-0002
2024-04-21 18:02:16;15.00;usd;TRUE;541.75;thb;35.73;card;Paid;2.50;IT;prepaid;IT;cus_Py0jJFgqMgbGLd;13F2CEF7-0001
2024-04-21 15:05:30;145.00;mxn;TRUE;306.15;thb;24.54;card;Paid;1.72;MX;credit;MX;cus_P3531Ohuz8oeCz;C76ED690-0005
2024-04-21 13:00:13;9.00;eur;TRUE;346.32;thb;26.45;card;Paid;1.85;ES;debit;ES;cus_PMsQ5JLZwpJJbq;62C23647-0004
2024-04-21 11:23:08;145.00;mxn;TRUE;306.15;thb;24.54;card;Paid;1.72;MX;credit;MX;cus_PDH77SXm4MGr8W;B34650E5-0007
2024-04-21 11:21:32;9.00;eur;TRUE;346.18;thb;26.44;card;Paid;1.85;ES;credit;ES;cus_PA4ba9EwWCuOvp;DEF4B9B7-0006
2024-04-21 04:29:46;15.00;usd;TRUE;541.64;thb;35.73;card;Paid;2.50;PA;credit;PA;cus_PxndXxU7h64N01;492D167B-0001
2024-04-21 00:10:42;15.00;usd;TRUE;541.80;thb;35.74;card;Paid;2.50;DO;debit;DO;cus_PkELqfw970OmVc;3FB78823-0002
2024-04-20 23:32:29;15.00;usd;TRUE;541.80;thb;35.74;card;Paid;2.50;BR;credit;BR;cus_Pm5qNJXIqjyQpf;5070C5F0-0002
2024-04-20 22:49:16;145.00;mxn;TRUE;306.24;thb;24.55;card;Paid;1.72;MX;debit;MX;cus_Pxi8vvjCy0Ze1T;577D0B3A-0001
2024-04-20 19:12:53;9.00;eur;TRUE;346.29;thb;26.45;card;Paid;1.85;ES;debit;ES;cus_PBEMAmKbHRpo46;9E0DC9CA-0005
2024-04-20 18:47:31;9.00;eur;TRUE;346.25;thb;26.45;card;Paid;1.85;ES;debit;ES;cus_PPXihzYFVGGCSb;1DB53FBC-0004
2024-04-20 18:14:16;9.00;eur;TRUE;346.25;thb;26.45;card;Paid;1.85;ES;debit;ES;cus_Pm0jyEGNtqxb4a;7EB66A27-0002
2024-04-20 16:25:37;9.00;eur;TRUE;346.25;thb;26.45;card;Paid;1.85;ES;credit;ES;cus_PPVQiR07Kpf1A5;8EC7B58B-0004
2024-04-20 02:44:24;145.00;mxn;TRUE;306.24;thb;24.55;card;Paid;1.72;MX;credit;MX;cus_PDH77SXm4MGr8W;B34650E5-0009
2024-04-20 01:15:54;15.00;usd;TRUE;541.75;thb;35.73;card;Paid;2.50;PA;debit;PA;cus_PxNG9wsQUq6KPF;BE9F081E-0001
2024-04-19 22:33:17;9.00;eur;TRUE;346.29;thb;26.45;card;Paid;1.85;ES;debit;ES;cus_Paq7b9mF3ugfT2;12CF479B-0003
2024-04-19 21:56:43;9.00;eur;TRUE;346.27;thb;26.45;card;Paid;1.85;ES;debit;ES;cus_PxK4Y91NJ3TRdu;3F15FBDD-0001
2024-04-18 17:43:54;9.00;eur;TRUE;345.74;thb;26.42;card;Paid;1.85;ES;debit;ES;cus_Pwslax2Q0HXbTo;C55EF2F0-0001
2024-04-18 17:23:27;9.00;eur;TRUE;345.74;thb;26.42;card;Paid;1.85;ES;credit;ES;cus_P1v7jHyMDtt3Sh;F2EDE05C-0006
2024-04-17 17:41:26;9.00;eur;TRUE;345.64;thb;26.42;card;Paid;1.85;ES;debit;ES;cus_PksVbgKIONyJRg;735F0348-0002
2024-04-17 17:35:11;9.00;eur;TRUE;345.64;thb;26.42;card;Paid;1.85;ES;credit;ES;cus_PwVObzu319cepQ;D93B4B1B-0001
2024-04-17 09:35:11;9.00;eur;TRUE;345.06;thb;26.39;card;Paid;1.85;ES;debit;ES;cus_PCf7wE8aoYhviU;53040A07-0005
2024-04-17 05:56:06;9.00;eur;TRUE;345.24;thb;26.40;card;Paid;1.85;ES;debit;ES;cus_PwK7dMRCyuJtOj;0F1F76CD-0001
2024-04-17 01:49:07;15.00;usd;TRUE;539.55;thb;35.63;card;Paid;2.49;PA;credit;PA;cus_Pkd9ruq2PJmzAP;A2299086-0002
2024-04-16 23:38:03;9.00;eur;TRUE;343.83;thb;26.33;card;Paid;1.84;ES;credit;ES;cus_Pkb2pbnbTRIJrL;BAE272C8-0002
2024-04-16 19:30:59;145.00;mxn;TRUE;306.38;thb;24.55;card;Paid;1.72;MX;debit;MX;cus_PkX3TEpFLPQwl5;BC112474-0002
2024-04-16 19:06:08;145.00;mxn;TRUE;306.38;thb;24.55;card;Paid;1.72;MX;debit;MX;cus_PkWeUqOHtTaiIB;F6F901E7-0002
2024-04-16 18:51:57;9.00;eur;TRUE;343.99;thb;26.34;card;Paid;1.84;ES;credit;ES;cus_PkWQSaOGFa5OIw;141B23C9-0002
2024-04-16 18:30:26;15.00;usd;TRUE;539.79;thb;35.64;card;Paid;2.49;GB;debit;GB;cus_Pw94mvh8fcHsbK;B921BF68-0001
2024-04-16 17:56:34;9.00;eur;TRUE;343.30;thb;26.31;card;Paid;1.84;ES;credit;ES;cus_PkVWatQIhQ4QZY;E4702569-0002
2024-04-16 17:46:51;15.00;usd;TRUE;538.50;thb;35.58;card;Paid;2.49;CH;credit;CH;cus_PkVNHAN8qXXMbz;D01EDCCE-0002
2024-04-16 17:39:20;15.00;usd;TRUE;538.50;thb;35.58;card;Paid;2.49;US;debit;US;cus_Pj1zBYUEn4GX0O;8A16D113-0002
2024-04-16 16:39:26;9.00;eur;TRUE;343.75;thb;26.33;card;Paid;1.84;ES;debit;ES;cus_PkUIn7ut31EmvD;18564DDD-0002
2024-04-16 15:00:00;145.00;mxn;TRUE;306.70;thb;24.57;card;Paid;1.72;MX;debit;MX;cus_Pw5f1hlvYZK5h8;003F2CD3-0001
2024-04-16 11:56:45;9.00;eur;TRUE;343.70;thb;26.33;card;Paid;1.84;ES;debit;ES;cus_PkPiDj6Cu9F0gI;62398BF1-0002
2024-04-16 04:58:47;145.00;mxn;TRUE;311.52;thb;24.80;card;Paid;1.74;MX;debit;MX;cus_PkIzk9rlxIyQK5;6E08747A-0002
2024-04-15 03:27:20;15.00;usd;TRUE;540.50;thb;35.67;card;Paid;2.50;PE;debit;PE;cus_PvXC771rybIn4G;A1D37EEB-0001
2024-04-15 02:28:04;15.00;usd;TRUE;539.51;thb;35.63;card;Paid;2.49;US;debit;US;cus_PZ1mssgdQYgH1P;3D8CBC6B-0003
2024-04-15 01:18:50;145.00;mxn;TRUE;314.09;thb;24.92;card;Paid;1.74;MX;debit;MX;cus_PjsCWerJns2Lg1;947DA2F9-0002
2024-04-14 18:59:10;9.00;eur;TRUE;343.79;thb;26.33;card;Paid;1.84;ES;debit;ES;cus_PNIXEoOn1wGL8i;68931E3E-0004
2024-04-14 11:02:45;9.00;eur;TRUE;343.66;thb;26.32;card;Paid;1.84;ES;debit;ES;cus_PvHOzgxfroh5Qq;E1708EDF-0001
2024-04-14 03:58:48;15.00;usd;TRUE;538.21;thb;35.56;card;Paid;2.49;MX;debit;MX;cus_P6YY51cnjMTpJ3;5832F41F-0005
2024-04-14 03:45:42;15.00;usd;TRUE;538.21;thb;35.56;card;Paid;2.49;US;debit;US;cus_PTRcnc7zYfcOBu;C1FDE871-0003
2024-04-13 23:13:55;15.00;usd;TRUE;538.42;thb;35.57;card;Paid;2.49;AR;credit;AR;cus_PjSyF21XIqZfUs;0E9C2BBF-0002
2024-04-13 23:12:46;15.00;usd;TRUE;538.42;thb;35.57;card;Paid;2.49;PE;debit;PE;cus_Pv5w3RTMEZdQ81;3FB0C7DB-0001
2024-04-13 18:22:09;9.00;eur;TRUE;343.72;thb;26.33;card;Paid;1.84;ES;debit;ES;cus_Oxo3qmq02OJXtf;2AFFA50C-0007
2024-04-13 15:39:41;9.00;eur;TRUE;343.79;thb;26.33;card;Paid;1.84;ES;credit;ES;cus_PMs62h0qkwEkNu;304092E2-0004
2024-04-12 22:34:49;145.00;mxn;TRUE;312.62;thb;24.85;card;Paid;1.74;MX;debit;MX;cus_Pj57At1BJXHrqD;847D7677-0002
2024-04-12 18:46:44;9.00;eur;TRUE;344.38;thb;26.36;card;Paid;1.85;ES;debit;ES;cus_Pj1IyuvNP8tp03;4E3390F0-0002
2024-04-12 17:33:05;15.00;usd;TRUE;538.79;thb;35.59;card;Paid;2.49;CL;credit;CL;cus_PudE9jXgOyrdbF;0F76FF45-0001
2024-04-11 20:05:50;9.00;eur;TRUE;344.81;thb;26.38;card;Paid;1.85;ES;debit;ES;cus_P6SR9wPtefJycd;3CA55D8A-0005
2024-04-11 15:28:15;9.00;eur;TRUE;345.18;thb;26.40;card;Paid;1.85;ES;debit;ES;cus_OzGgEW5nFqPeUd;0E136B7E-0006
2024-04-10 18:48:48;9.00;eur;TRUE;347.41;thb;26.50;card;Paid;1.86;ES;debit;ES;cus_Ptu0mZNqy2OEES;C71A6030-0001
2024-04-10 16:47:53;145.00;mxn;TRUE;315.44;thb;24.98;card;Paid;1.75;MX;debit;MX;cus_Pts31hN2A6P66i;F40A47E2-0001
2024-04-10 14:05:22;150.00;mxn;TRUE;327.51;thb;25.56;card;Paid;1.79;MX;credit;MX;cus_PfFYACTnJqO3oW;DDB8EAEB-0002
2024-04-10 13:54:05;9.00;eur;TRUE;347.82;thb;26.52;card;Paid;1.86;ES;debit;ES;cus_PLii71z6TKivF1;94E7161D-0004
2024-04-10 03:17:13;15.00;usd;TRUE;533.87;thb;35.36;card;Paid;2.48;CR;debit;CR;cus_Oz3U9bYMqP3ql6;E4884E0A-0005
2024-04-09 18:57:06;15.00;usd;TRUE;534.37;thb;35.38;card;Paid;2.48;PA;prepaid;PA;cus_P3VmklptMelGFn;C715481A-0006
2024-04-09 14:23:30;9.00;eur;TRUE;348.31;thb;26.54;card;Paid;1.86;ES;credit;ES;cus_PtSV5lUGUrhyVp;35968908-0001
2024-04-09 10:06:15;9.00;eur;TRUE;348.41;thb;26.55;card;Paid;1.86;ES;debit;ES;cus_PtOLRD4uqOHjVa;99B8C429-0001
2024-04-09 03:27:55;145.00;mxn;TRUE;319.27;thb;25.17;card;Paid;1.76;MX;debit;MX;cus_PtHvd9a2by42ME;3964B90D-0001
2024-04-08 09:34:51;145.00;mxn;TRUE;316.73;thb;25.04;card;Paid;1.75;MX;credit;MX;cus_Pt0c93ZMnUSMws;1E843148-0001
2024-04-07 18:00:06;9.00;eur;TRUE;349.75;thb;26.61;card;Paid;1.86;ES;debit;ES;cus_OxoEIeRGxxrTH2;86476DC3-0006
2024-04-07 13:42:15;9.00;eur;TRUE;349.61;thb;26.61;card;Paid;1.86;ES;debit;ES;cus_Oxk43dL9D3RKK4;1302C27C-0006
2024-04-07 01:37:51;15.00;usd;TRUE;537.67;thb;35.54;card;Paid;2.49;PE;debit;PE;cus_PsVhjffeodeyRV;BC4E5A99-0001
2024-04-06 21:29:42;9.00;eur;TRUE;349.69;thb;26.61;card;Paid;1.86;ES;debit;ES;cus_PKL9znF4IrcbXM;708E27E1-0004
2024-04-06 20:44:06;9.00;eur;TRUE;349.58;thb;26.61;card;Paid;1.86;ES;debit;ES;cus_Pgny7BgkbsHfie;E37A707C-0002
2024-04-06 17:35:12;9.00;eur;TRUE;349.58;thb;26.61;card;Paid;1.86;ES;debit;ES;cus_PsNuPhQrCoMKuj;9A052843-0001
2024-04-06 15:33:23;15.00;usd;TRUE;537.67;thb;35.54;card;Paid;2.49;BR;credit;BR;cus_PsLxLleZVit9ew;3AB28FE2-0001
2024-04-06 08:03:15;9.00;eur;TRUE;349.58;thb;26.61;card;Paid;1.86;ES;debit;ES;cus_PsEg35UXPr8pge;69750079-0001
2024-04-04 18:48:37;150.00;mxn;TRUE;326.54;thb;25.51;card;Paid;1.79;MX;debit;MX;cus_PVA7PUr4f1l2VX;FBB385FC-0003
2024-04-04 13:53:00;9.00;eur;TRUE;351.79;thb;26.71;card;Paid;1.87;ES;debit;ES;cus_PrZst50U0RICjl;A11FA995-0001
2024-04-03 22:14:10;145.00;mxn;TRUE;314.47;thb;24.94;card;Paid;1.75;MX;credit;MX;cus_OxuMNFNznXmAve;418ECED5-0004
2024-04-03 15:49:51;9.00;eur;TRUE;349.97;thb;26.62;card;Paid;1.86;ES;debit;ES;cus_P7W0ON5MCj8Yzi;431AACEC-0005
2024-04-03 04:19:55;150.00;mxn;TRUE;325.07;thb;25.44;card;Paid;1.78;MX;debit;MX;cus_P7KsfpPclGvmNb;1C3A88C8-0005
2024-04-03 01:48:03;150.00;mxn;TRUE;324.87;thb;25.43;card;Paid;1.78;MX;debit;MX;cus_PfNzegRyU9XBFS;778B2A26-0002
2024-04-02 20:39:48;15.00;usd;TRUE;538.13;thb;35.56;card;Paid;2.49;US;credit;US;cus_PfJ0u9bRrSUFMf;F30269B7-0002
2024-04-02 19:29:02;150.00;mxn;TRUE;325.05;thb;25.44;card;Paid;1.78;MX;debit;MX;cus_PfHrVhSSsKwXJh;983AC822-0002
2024-04-02 18:01:17;9.00;eur;TRUE;347.98;thb;26.53;card;Paid;1.86;ES;debit;ES;cus_P7AuXdSld8WQ9n;ED03127E-0005
2024-04-02 13:22:26;9.00;eur;TRUE;347.50;thb;26.51;card;Paid;1.86;ES;debit;ES;cus_P76OwoD9i9u3NY;3811CC90-0005
2024-04-02 00:37:18;15.00;usd;TRUE;538.01;thb;35.56;card;Paid;2.49;US;prepaid;US;cus_PezboRbYizcBVf;C247F1F6-0002
2024-04-01 23:21:21;15.00;usd;TRUE;538.02;thb;35.56;card;Paid;2.49;BO;debit;BO;cus_PqbMQ1RtWgXXH3;A4634821-0001
2024-04-01 09:10:15;15.00;usd;TRUE;534.82;thb;35.40;card;Paid;2.48;RO;debit;LT;cus_PqNdQW9QclGN1S;44E7E94E-0001
2024-04-01 03:47:53;15.00;usd;TRUE;534.28;thb;35.38;card;Paid;2.48;PR;debit;PR;cus_PefSQcJBnLBVIm;722C5C39-0002
2024-03-31 13:41:29;9.00;eur;TRUE;345.92;thb;26.43;card;Paid;1.85;ES;credit;ES;cus_Pq4nonkCUQfXOe;807FEE77-0001
2024-03-31 04:24:27;15.00;usd;TRUE;534.26;thb;35.38;card;Paid;2.48;CL;debit;CL;cus_PbYS8F7CSDdEKX;F192AAD1-0003
2024-03-30 12:34:06;6.75;eur;TRUE;259.47;thb;22.32;card;Paid;1.56;ES;debit;ES;cus_OyDWfBvpmvpGe5;BC7161C1-0003
2024-03-29 16:12:51;9.00;eur;TRUE;345.68;thb;26.42;card;Paid;1.85;ES;debit;ES;cus_P61S5TNFsCj4T5;9F4D816D-0005
2024-03-28 21:39:17;15.00;usd;TRUE;536.18;thb;35.47;card;Paid;2.48;PE;credit;PE;cus_P39wk2AAILkwqB;8AD5286E-0006
2024-03-28 21:09:12;9.00;eur;TRUE;347.14;thb;26.49;card;Paid;1.85;ES;credit;ES;cus_P5j2ISNcrIaF0n;B974865A-0005
2024-03-28 20:37:13;9.00;eur;TRUE;347.11;thb;26.49;card;Paid;1.85;ES;debit;ES;cus_P5iWrTJKvG0STe;43528FAC-0005
2024-03-28 18:19:07;9.00;eur;TRUE;346.73;thb;26.47;card;Paid;1.85;ES;credit;ES;cus_P5gGCVWWYKQQm4;FC475270-0005
2024-03-27 18:52:53;9.00;eur;TRUE;347.15;thb;26.49;card;Paid;1.85;ES;credit;ES;cus_PdmNCMdmDEV2uH;E5914AEE-0002
2024-03-26 19:22:49;15.00;usd;TRUE;534.17;thb;35.37;card;Paid;2.48;CL;credit;CL;cus_P4rK7Yw6Sz9gbv;D66F8328-0010
2024-03-26 13:38:59;15.00;usd;TRUE;533.59;thb;35.35;card;Paid;2.47;CL;credit;CL;cus_P4rK7Yw6Sz9gbv;D66F8328-0009
2024-03-26 12:24:48;15.00;usd;TRUE;533.26;thb;35.33;card;Paid;2.47;DE;debit;DE;cus_PG4tzJpHBXXXML;D917C358-0004
2024-03-25 20:07:04;15.00;usd;TRUE;534.17;thb;35.37;card;Paid;2.48;IT;credit;IT;cus_P4aMavYLRsNoLK;E77AC675-0005
2024-03-25 19:02:58;150.00;mxn;TRUE;320.73;thb;25.23;card;Paid;1.77;MX;debit;MX;cus_Pd25XikqryyJvH;CB34DB83-0002
2024-03-25 17:33:51;9.00;eur;TRUE;347.71;thb;26.52;card;Paid;1.86;ES;debit;ES;cus_P4Xs0jnzZFT53q;A5314389-0005
2024-03-25 17:14:01;9.00;eur;TRUE;347.71;thb;26.52;card;Paid;1.86;ES;credit;ES;cus_P4XXjM05OzbBBC;4,086918E+01
2024-03-25 05:22:13;9.00;eur;TRUE;346.86;thb;26.48;card;Paid;1.85;ES;debit;ES;cus_PX4fbEPSZBxMAB;B4014A52-0003
2024-03-24 21:56:39;145.00;mxn;TRUE;308.27;thb;24.64;card;Paid;1.72;MX;debit;MX;cus_PnaBxV7EjMn6OK;4B7E1F25-0001
2024-03-24 20:28:59;15.00;usd;TRUE;534.38;thb;35.38;card;Paid;2.48;GT;credit;GT;cus_PnYi05Ld4o6nhu;52C48382-0001
2024-03-24 16:29:16;150.00;mxn;TRUE;318.71;thb;25.14;card;Paid;1.76;MX;credit;MX;cus_PPG0v0Q42QPHKC;D49C4C61-0003
2024-03-24 14:39:32;9.00;eur;TRUE;346.56;thb;26.46;three_d_secure_2;Paid;1.85;ES;credit;ES;cus_PnT8ZDKZzBr9Y2;8F6D15EE-0001
2024-03-24 13:07:50;9.00;eur;TRUE;346.52;thb;26.46;card;Paid;1.85;ES;debit;ES;cus_P46MHuJCvuRyx9;0491CF61-0005
2024-03-23 17:57:27;9.00;eur;TRUE;346.66;thb;26.47;card;Paid;1.85;ES;credit;ES;cus_Pn97lj33TOvqdh;BCB05923-0001
2024-03-23 16:56:13;15.00;usd;TRUE;534.60;thb;35.39;card;Paid;2.48;UY;credit;UY;cus_Pn7fSY90JsDuo3;796DDBA9-0001
2024-03-23 16:47:12;145.00;mxn;TRUE;308.21;thb;24.64;card;Paid;1.72;MX;debit;MX;cus_Pn7y3EF7Mk4Gsl;BB51E797-0001
2024-03-23 16:46:29;9.00;eur;TRUE;346.56;thb;26.46;card;Paid;1.85;ES;debit;ES;cus_Pn7yDs68Ai7xTf;B5DB95F2-0001
2024-03-23 16:20:29;9.00;eur;TRUE;346.56;thb;26.46;card;Paid;1.85;ES;debit;ES;cus_Pn7YzvVkAWr2pF;E5ABAD33-0001
2024-03-23 16:15:24;150.00;mxn;TRUE;318.84;thb;25.14;card;Paid;1.76;MX;debit;MX;cus_PCDM4UUGYCG1Zq;0B236D35-0004
2024-03-23 13:05:38;9.00;eur;TRUE;346.52;thb;26.46;card;Paid;1.85;AD;debit;AD;cus_PExsitwR3JvBzr;79D37F43-0004
2024-03-23 04:15:55;15.00;usd;TRUE;534.60;thb;35.39;card;Paid;2.48;CL;credit;CL;cus_PEpKDhBrM7r2Ly;0B6E4845-0004
2024-03-23 02:16:46;15.00;usd;TRUE;534.44;thb;35.39;card;Paid;2.48;US;debit;US;cus_PEnOXHoSX4RULA;76BE01C0-0004
2024-03-22 21:06:54;15.00;usd;TRUE;534.60;thb;35.39;card;Paid;2.48;PE;debit;PE;cus_PbwOctHOqcfCRh;8FC88F6F-0002
2024-03-22 16:08:10;9.00;eur;TRUE;346.87;thb;26.48;card;Paid;1.85;ES;credit;ES;cus_P3OobdGRbqJTUw;8A9AFD48-0005
2024-03-22 01:22:59;9.00;eur;TRUE;348.29;thb;26.54;card;Paid;1.86;ES;debit;ES;cus_P3CXSPrSgfHW3T;A8730ABF-0004
2024-03-21 20:44:11;150.00;mxn;TRUE;319.03;thb;25.15;card;Paid;1.76;MX;debit;MX;cus_PbYoW8JjzpPW6Z;58CEBEB6-0002
2024-03-21 20:25:36;15.00;usd;TRUE;533.96;thb;35.36;card;Paid;2.48;US;debit;US;cus_PmR2OcNk0PtnpU;DE5394DA-0001
2024-03-21 17:32:30;145.00;mxn;TRUE;307.23;thb;24.59;card;Paid;1.72;MX;debit;MX;cus_PmOGAFe4IkmZop;BEC57C4B-0001
2024-03-21 12:21:47;9.00;eur;TRUE;346.92;thb;26.48;card;Paid;1.85;ES;credit;ES;cus_Oxp69mpoumoMaq;EC97B2D8-0003
2024-03-20 22:31:14;15.00;usd;TRUE;529.29;thb;35.14;card;Paid;2.46;BR;credit;BR;cus_Pm5qNJXIqjyQpf;5070C5F0-0001
2024-03-20 19:13:01;9.00;eur;TRUE;346.78;thb;26.47;card;Paid;1.85;ES;debit;ES;cus_PBEMAmKbHRpo46;9E0DC9CA-0004
2024-03-20 18:47:31;9.00;eur;TRUE;346.93;thb;26.48;card;Paid;1.85;ES;debit;ES;cus_PPXihzYFVGGCSb;1DB53FBC-0003
2024-03-20 17:13:41;9.00;eur;TRUE;346.50;thb;26.46;card;Paid;1.85;ES;debit;ES;cus_Pm0jyEGNtqxb4a;7EB66A27-0001
2024-03-20 16:26:18;9.00;eur;TRUE;346.27;thb;26.45;card;Paid;1.85;ES;credit;ES;cus_PPVQiR07Kpf1A5;8EC7B58B-0003
2024-03-20 00:36:16;156.00;usd;TRUE;5515.53;thb;271.99;card;Paid;19.04;CR;credit;CR;cus_PlkdU0wch6eibs;2FDC8D8C-0001
2024-03-19 22:32:49;9.00;eur;TRUE;345.63;thb;26.42;card;Paid;1.85;ES;debit;ES;cus_Paq7b9mF3ugfT2;12CF479B-0002
2024-03-19 13:14:56;15.00;usd;TRUE;530.28;thb;35.19;card;Paid;2.46;CL;credit;CL;cus_PDT3RapllljmOG;25AB3CFA-0004
2024-03-18 17:23:08;9.00;eur;TRUE;345.13;thb;26.39;card;Paid;1.85;ES;credit;ES;cus_P1v7jHyMDtt3Sh;F2EDE05C-0005
2024-03-18 02:42:03;15.00;usd;TRUE;528.05;thb;35.08;card;Paid;2.46;US;debit;US;cus_PZ1mssgdQYgH1P;3D8CBC6B-0002
2024-03-18 01:23:45;9.00;eur;TRUE;344.97;thb;26.39;card;Paid;1.85;ES;debit;ES;cus_PX4fbEPSZBxMAB;B4014A52-0004
2024-03-17 16:40:01;9.00;eur;TRUE;344.77;thb;26.38;card;Paid;1.85;ES;debit;ES;cus_PksVbgKIONyJRg;735F0348-0001
2024-03-17 15:44:05;145.00;mxn;TRUE;305.16;thb;24.50;card;Paid;1.72;MX;debit;MX;cus_Pkra36witOR6ei;7A934157-0001
2024-03-17 09:35:24;9.00;eur;TRUE;344.66;thb;26.37;card;Paid;1.85;ES;debit;ES;cus_PCf7wE8aoYhviU;53040A07-0004
2024-03-17 00:47:38;15.00;usd;TRUE;527.84;thb;35.07;card;Paid;2.45;PA;credit;PA;cus_Pkd9ruq2PJmzAP;A2299086-0001
2024-03-16 22:36:47;9.00;eur;TRUE;344.78;thb;26.38;card;Paid;1.85;ES;credit;ES;cus_Pkb2pbnbTRIJrL;BAE272C8-0001
2024-03-16 19:43:32;15.00;usd;TRUE;527.62;thb;35.06;card;Paid;2.45;PT;credit;PT;cus_PkYFVrv1EKDPSv;C60D6564-0001
2024-03-16 18:40:44;9.00;eur;TRUE;344.85;thb;26.38;card;Paid;1.85;ES;debit;ES;cus_Oxo3qmq02OJXtf;2AFFA50C-0006
2024-03-16 18:29:41;145.00;mxn;TRUE;305.23;thb;24.50;card;Paid;1.72;MX;debit;MX;cus_PkX3TEpFLPQwl5;BC112474-0001
2024-03-16 18:05:02;145.00;mxn;TRUE;305.23;thb;24.50;card;Paid;1.72;MX;debit;MX;cus_PkWeUqOHtTaiIB;F6F901E7-0001
2024-03-16 17:50:59;9.00;eur;TRUE;344.88;thb;26.38;card;Paid;1.85;ES;credit;ES;cus_PkWQSaOGFa5OIw;141B23C9-0001
2024-03-16 16:54:54;9.00;eur;TRUE;344.88;thb;26.38;card;Paid;1.85;ES;credit;ES;cus_PkVWatQIhQ4QZY;E4702569-0001
2024-03-16 16:46:01;15.00;usd;TRUE;527.84;thb;35.07;card;Paid;2.45;CH;credit;CH;cus_PkVNHAN8qXXMbz;D01EDCCE-0001
2024-03-16 15:38:54;9.00;eur;TRUE;344.85;thb;26.38;card;Paid;1.85;ES;debit;ES;cus_PkUIn7ut31EmvD;18564DDD-0001
2024-03-16 10:54:52;9.00;eur;TRUE;344.75;thb;26.38;card;Paid;1.85;ES;debit;ES;cus_PkPiDj6Cu9F0gI;62398BF1-0001
2024-03-16 09:42:12;9.00;eur;TRUE;344.85;thb;26.38;card;Paid;1.85;ES;debit;ES;cus_PkOXmF61Vx0nwu;5F6C0A90-0001
2024-03-16 07:21:20;15.00;usd;TRUE;527.62;thb;35.06;card;Paid;2.45;MX;debit;MX;cus_P6YY51cnjMTpJ3;5832F41F-0004
2024-03-16 03:57:51;145.00;mxn;TRUE;305.23;thb;24.50;card;Paid;1.72;MX;debit;MX;cus_PkIzk9rlxIyQK5;6E08747A-0001
2024-03-15 23:47:12;9.00;eur;TRUE;344.85;thb;26.38;card;Paid;1.85;ES;debit;ES;cus_PX4fbEPSZBxMAB;B4014A52-0005
2024-03-15 23:21:40;145.00;mxn;TRUE;305.23;thb;24.50;card;Paid;1.72;MX;credit;MX;cus_PDH77SXm4MGr8W;B34650E5-0006
2024-03-15 23:12:20;15.00;usd;TRUE;527.78;thb;35.07;card;Paid;2.45;FR;debit;FR;cus_PkENAClpytG3Yv;BEEEA146-0001
2024-03-15 23:09:45;15.00;usd;TRUE;527.78;thb;35.07;card;Paid;2.45;DO;debit;DO;cus_PkELqfw970OmVc;3FB78823-0001
2024-03-15 00:17:03;145.00;mxn;TRUE;304.44;thb;24.46;card;Paid;1.71;MX;debit;MX;cus_PjsCWerJns2Lg1;947DA2F9-0001
2024-03-14 18:58:37;9.00;eur;TRUE;343.68;thb;26.32;card;Paid;1.84;ES;debit;ES;cus_PNIXEoOn1wGL8i;68931E3E-0003
2024-03-14 17:25:27;9.00;eur;TRUE;343.61;thb;26.32;card;Paid;1.84;ES;debit;ES;cus_PNH2PIo6QDrzVM;E78F5361-0003
2024-03-14 06:45:39;150.00;mxn;TRUE;314.04;thb;24.92;card;Paid;1.74;MX;debit;MX;cus_PYihwR6Rp42DaU;88B620CF-0002
2024-03-13 22:12:43;15.00;usd;TRUE;523.89;thb;34.88;card;Paid;2.44;AR;credit;AR;cus_PjSyF21XIqZfUs;0E9C2BBF-0001
2024-03-13 19:54:50;90.00;eur;TRUE;3442.45;thb;173.52;card;Paid;12.15;ES;debit;ES;cus_PjQk2sTS0bJigl;6B9E70E0-0001
2024-03-13 17:20:27;145.00;mxn;TRUE;303.06;thb;24.40;card;Paid;1.71;MX;credit;MX;cus_P3531Ohuz8oeCz;C76ED690-0004
2024-03-13 16:00:02;9.00;eur;TRUE;344.16;thb;26.35;card;Paid;1.84;ES;debit;ES;cus_PMsQ5JLZwpJJbq;62C23647-0003
2024-03-13 15:40:28;9.00;eur;TRUE;344.16;thb;26.35;card;Paid;1.84;ES;credit;ES;cus_PMs62h0qkwEkNu;304092E2-0003
2024-03-13 03:00:29;145.00;mxn;TRUE;302.08;thb;24.35;card;Paid;1.70;MX;credit;MX;cus_PjANmDcJfXvF3w;83ACE2AA-0001
2024-03-12 21:33:46;145.00;mxn;TRUE;302.40;thb;24.36;card;Paid;1.71;MX;debit;MX;cus_Pj57At1BJXHrqD;847D7677-0001
2024-03-12 18:19:30;15.00;usd;TRUE;525.56;thb;34.96;card;Paid;2.45;US;debit;US;cus_Pj1zBYUEn4GX0O;8A16D113-0001
2024-03-12 17:36:50;9.00;eur;TRUE;344.07;thb;26.34;card;Paid;1.84;ES;debit;ES;cus_Pj1IyuvNP8tp03;4E3390F0-0001
2024-03-11 21:50:23;9.00;eur;TRUE;341.36;thb;26.21;card;Paid;1.83;ES;debit;ES;cus_PiiAOBemCY0lGU;1F847DAA-0001
2024-03-11 15:28:30;9.00;eur;TRUE;341.17;thb;26.21;card;Paid;1.83;ES;debit;ES;cus_OzGgEW5nFqPeUd;0E136B7E-0005
2024-03-11 13:22:34;9.00;eur;TRUE;341.36;thb;26.21;card;Paid;1.83;ES;debit;ES;cus_PATQdcMOghWrcQ;FB81C1C0-0004
2024-03-10 13:54:05;9.00;eur;TRUE;341.48;thb;26.22;card;Paid;1.84;ES;debit;ES;cus_PLii71z6TKivF1;94E7161D-0003
2024-03-10 11:43:53;9.00;eur;TRUE;341.48;thb;26.22;card;Paid;1.84;ES;prepaid;ES;cus_PA4ba9EwWCuOvp;DEF4B9B7-0004
2024-03-10 03:17:40;15.00;usd;TRUE;520.26;thb;34.71;card;Paid;2.43;CR;debit;CR;cus_Oz3U9bYMqP3ql6;E4884E0A-0004
2024-03-09 17:55:21;15.00;usd;TRUE;520.27;thb;34.71;card;Paid;2.43;PA;prepaid;PA;cus_P3VmklptMelGFn;C715481A-0005
2024-03-09 10:40:20;9.00;eur;TRUE;341.48;thb;26.22;card;Paid;1.84;ES;debit;ES;cus_P7xP9yJhH73cxg;BDD4D6A8-0002
2024-03-07 18:00:59;9.00;eur;TRUE;342.96;thb;26.29;card;Paid;1.84;ES;debit;ES;cus_OxoEIeRGxxrTH2;86476DC3-0005
2024-03-07 13:42:31;9.00;eur;TRUE;341.82;thb;26.24;card;Paid;1.84;ES;debit;ES;cus_Oxk43dL9D3RKK4;1302C27C-0005
2024-03-06 21:29:30;9.00;eur;TRUE;342.39;thb;26.26;card;Paid;1.84;ES;debit;ES;cus_PKL9znF4IrcbXM;708E27E1-0003
2024-03-06 19:42:38;9.00;eur;TRUE;342.38;thb;26.26;card;Paid;1.84;ES;debit;ES;cus_Pgny7BgkbsHfie;E37A707C-0001
2024-03-04 18:49:04;150.00;mxn;TRUE;309.78;thb;24.71;card;Paid;1.73;MX;debit;MX;cus_PVA7PUr4f1l2VX;FBB385FC-0002
2024-03-03 15:49:15;9.00;eur;TRUE;342.69;thb;26.28;card;Paid;1.84;ES;debit;ES;cus_P7W0ON5MCj8Yzi;431AACEC-0004
2024-03-03 04:19:39;150.00;mxn;TRUE;309.66;thb;24.71;card;Paid;1.73;MX;debit;MX;cus_P7KsfpPclGvmNb;1C3A88C8-0004
2024-03-03 00:47:24;150.00;mxn;TRUE;309.75;thb;24.71;card;Paid;1.73;MX;debit;MX;cus_PfNzegRyU9XBFS;778B2A26-0001
2024-03-02 19:38:24;15.00;usd;TRUE;527.06;thb;35.04;card;Paid;2.45;US;credit;US;cus_PfJ0u9bRrSUFMf;F30269B7-0001
2024-03-02 18:28:14;150.00;mxn;TRUE;309.66;thb;24.71;card;Paid;1.73;MX;debit;MX;cus_PfHrVhSSsKwXJh;983AC822-0001
2024-03-02 18:02:28;9.00;eur;TRUE;342.58;thb;26.27;card;Paid;1.84;ES;debit;ES;cus_P7AuXdSld8WQ9n;ED03127E-0004
2024-03-02 16:04:25;150.00;mxn;TRUE;309.75;thb;24.71;card;Paid;1.73;MX;credit;MX;cus_PfFYACTnJqO3oW;DDB8EAEB-0001
2024-03-02 13:21:51;9.00;eur;TRUE;342.65;thb;26.28;card;Paid;1.84;ES;debit;ES;cus_P76OwoD9i9u3NY;3811CC90-0004
2024-03-01 23:45:40;15.00;usd;TRUE;527.06;thb;35.04;card;Paid;2.45;CL;credit;CL;cus_P4HsJJIo4PnhAz;1E2E27D6-0004
2024-03-01 23:35:49;15.00;usd;TRUE;527.06;thb;35.04;card;Paid;2.45;US;prepaid;US;cus_PezboRbYizcBVf;C247F1F6-0001
2024-03-01 02:46:37;15.00;usd;TRUE;527.88;thb;35.07;card;Paid;2.45;PR;debit;PR;cus_PefSQcJBnLBVIm;722C5C39-0001
2024-02-29 20:51:39;9.00;eur;TRUE;342.31;thb;26.26;card;Paid;1.84;ES;debit;ES;cus_P65xWirOZlOvyJ;3D06AC33-0004
2024-02-29 20:04:54;9.00;eur;TRUE;342.31;thb;26.26;card;Paid;1.84;ES;debit;ES;cus_P6SR9wPtefJycd;3CA55D8A-0004
2024-02-29 16:12:11;9.00;eur;TRUE;342.01;thb;26.25;card;Paid;1.84;ES;debit;ES;cus_P61S5TNFsCj4T5;9F4D816D-0004
2024-02-29 04:45:29;15.00;usd;TRUE;528.01;thb;35.08;card;Paid;2.46;US;debit;US;cus_PTRcnc7zYfcOBu;C1FDE871-0002
2024-02-28 21:39:16;15.00;usd;TRUE;528.63;thb;35.11;card;Paid;2.46;PE;credit;PE;cus_P39wk2AAILkwqB;8AD5286E-0005
2024-02-28 21:10:14;9.00;eur;TRUE;343.74;thb;26.33;card;Paid;1.84;ES;credit;ES;cus_P5j2ISNcrIaF0n;B974865A-0004
2024-02-28 20:37:03;9.00;eur;TRUE;344.00;thb;26.34;card;Paid;1.84;ES;debit;ES;cus_P5iWrTJKvG0STe;43528FAC-0004
2024-02-28 18:17:37;9.00;eur;TRUE;344.26;thb;26.35;card;Paid;1.84;ES;credit;ES;cus_P5gGCVWWYKQQm4;FC475270-0004
2024-02-27 17:52:08;9.00;eur;TRUE;343.27;thb;26.31;card;Paid;1.84;ES;credit;ES;cus_PdmNCMdmDEV2uH;E5914AEE-0001
2024-02-26 19:23:42;15.00;usd;TRUE;528.41;thb;35.10;card;Paid;2.46;CL;credit;CL;cus_P4rK7Yw6Sz9gbv;D66F8328-0008
2024-02-26 13:39:38;15.00;usd;TRUE;527.18;thb;35.04;card;Paid;2.45;CL;credit;CL;cus_P4rK7Yw6Sz9gbv;D66F8328-0007
2024-02-26 12:24:41;15.00;usd;TRUE;527.29;thb;35.05;card;Paid;2.45;DE;debit;DE;cus_PG4tzJpHBXXXML;D917C358-0003
2024-02-25 20:07:59;15.00;usd;TRUE;528.21;thb;35.09;card;Paid;2.46;IT;credit;IT;cus_P4aMavYLRsNoLK;E77AC675-0004
2024-02-25 18:01:27;150.00;mxn;TRUE;308.61;thb;24.66;card;Paid;1.73;MX;debit;MX;cus_Pd25XikqryyJvH;CB34DB83-0001
2024-02-25 17:33:46;9.00;eur;TRUE;342.97;thb;26.29;card;Paid;1.84;ES;debit;ES;cus_P4Xs0jnzZFT53q;A5314389-0004
2024-02-25 17:13:46;9.00;eur;TRUE;342.97;thb;26.29;card;Paid;1.84;ES;credit;ES;cus_P4XXjM05OzbBBC;4,086918E+02
2024-02-25 00:38:46;9.00;eur;TRUE;343.07;thb;26.30;card;Paid;1.84;ES;debit;ES;cus_PR8HuGnrn3WOsy;5B6865A9-0002
2024-02-24 13:08:38;9.00;eur;TRUE;342.97;thb;26.29;card;Paid;1.84;ES;debit;ES;cus_P46MHuJCvuRyx9;0491CF61-0004
2024-02-23 15:14:35;150.00;mxn;TRUE;309.58;thb;24.71;card;Paid;1.73;MX;debit;MX;cus_PCDM4UUGYCG1Zq;0B236D35-0003
2024-02-23 13:05:09;9.00;eur;TRUE;344.13;thb;26.35;card;Paid;1.84;AD;debit;AD;cus_PExsitwR3JvBzr;79D37F43-0003
2024-02-23 04:15:59;15.00;usd;TRUE;529.43;thb;35.15;card;Paid;2.46;CL;credit;CL;cus_PEpKDhBrM7r2Ly;0B6E4845-0003
2024-02-23 02:16:22;15.00;usd;TRUE;528.31;thb;35.09;card;Paid;2.46;US;debit;US;cus_PEnOXHoSX4RULA;76BE01C0-0003
2024-02-22 20:08:16;15.00;usd;TRUE;527.95;thb;35.08;card;Paid;2.46;PE;debit;PE;cus_PbwOctHOqcfCRh;8FC88F6F-0001
2024-02-22 17:05:17;9.00;eur;TRUE;342.56;thb;26.27;card;Paid;1.84;ES;prepaid;ES;cus_PbtUtC5bxZEgyH;82AD2AE8-0001
2024-02-22 16:07:54;9.00;eur;TRUE;342.35;thb;26.26;card;Paid;1.84;ES;credit;ES;cus_P3OobdGRbqJTUw;8A9AFD48-0004
2024-02-21 19:43:13;150.00;mxn;TRUE;309.25;thb;24.69;card;Paid;1.73;MX;debit;MX;cus_PbYoW8JjzpPW6Z;58CEBEB6-0001
2024-02-21 19:20:36;15.00;usd;TRUE;527.82;thb;35.07;card;Paid;2.45;CL;debit;CL;cus_PbYS8F7CSDdEKX;F192AAD1-0001
2024-02-21 11:20:11;9.00;eur;TRUE;341.06;thb;26.20;card;Paid;1.83;ES;credit;ES;cus_Oxp69mpoumoMaq;EC97B2D8-0002
2024-02-20 18:47:15;9.00;eur;TRUE;343.03;thb;26.29;card;Paid;1.84;ES;debit;ES;cus_PPXihzYFVGGCSb;1DB53FBC-0002
2024-02-20 18:12:01;9.00;eur;TRUE;343.03;thb;26.29;card;Paid;1.84;ES;debit;ES;cus_PBEMAmKbHRpo46;9E0DC9CA-0003
2024-02-20 16:26:44;9.00;eur;TRUE;343.40;thb;26.31;card;Paid;1.84;ES;credit;ES;cus_PPVQiR07Kpf1A5;8EC7B58B-0002
2024-02-20 00:30:29;150.00;mxn;TRUE;311.39;thb;24.79;card;Paid;1.74;MX;credit;MX;cus_PPG0v0Q42QPHKC;D49C4C61-0002
2024-02-19 21:31:45;9.00;eur;TRUE;342.30;thb;26.26;card;Paid;1.84;ES;debit;ES;cus_Paq7b9mF3ugfT2;12CF479B-0001
2024-02-19 13:11:01;15.00;usd;TRUE;529.91;thb;35.17;card;Paid;2.46;CL;credit;CL;cus_PDT3RapllljmOG;25AB3CFA-0003
2024-02-18 17:22:21;9.00;eur;TRUE;342.08;thb;26.25;card;Paid;1.84;ES;credit;ES;cus_P1v7jHyMDtt3Sh;F2EDE05C-0004
2024-02-17 22:50:30;15.00;usd;TRUE;529.02;thb;35.13;card;Paid;2.46;EC;credit;EC;cus_Pa6vLVmLZpXe4L;5A1D12C9-0001
2024-02-17 09:35:10;9.00;eur;TRUE;342.19;thb;26.25;card;Paid;1.84;ES;debit;ES;cus_PCf7wE8aoYhviU;53040A07-0003
2024-02-15 01:27:09;15.00;usd;TRUE;530.23;thb;35.19;card;Paid;2.46;US;debit;US;cus_PZ1mssgdQYgH1P;3D8CBC6B-0001
2024-02-14 18:58:48;9.00;eur;TRUE;341.84;thb;26.24;card;Paid;1.84;ES;debit;ES;cus_PNIXEoOn1wGL8i;68931E3E-0002
2024-02-14 17:25:47;9.00;eur;TRUE;341.92;thb;26.24;card;Paid;1.84;ES;debit;ES;cus_PNH2PIo6QDrzVM;E78F5361-0002
2024-02-14 13:23:21;9.00;eur;TRUE;341.79;thb;26.24;card;Paid;1.84;ES;debit;ES;cus_PATQdcMOghWrcQ;FB81C1C0-0003
2024-02-14 05:44:17;150.00;mxn;TRUE;308.56;thb;24.66;card;Paid;1.73;MX;debit;MX;cus_PYihwR6Rp42DaU;88B620CF-0001
2024-02-13 18:22:30;9.00;eur;TRUE;340.94;thb;26.19;card;Paid;1.83;ES;debit;ES;cus_Oxo3qmq02OJXtf;2AFFA50C-0005
2024-02-13 16:05:56;9.00;eur;TRUE;340.79;thb;26.19;card;Paid;1.83;ES;debit;ES;cus_PMsQ5JLZwpJJbq;62C23647-0002
2024-02-13 15:40:07;9.00;eur;TRUE;340.61;thb;26.18;card;Paid;1.83;ES;credit;ES;cus_PMs62h0qkwEkNu;304092E2-0002
2024-02-11 15:28:38;9.00;eur;TRUE;341.72;thb;26.23;card;Paid;1.84;ES;debit;ES;cus_OzGgEW5nFqPeUd;0E136B7E-0004
2024-02-10 13:53:42;9.00;eur;TRUE;341.72;thb;26.23;card;Paid;1.84;ES;debit;ES;cus_PLii71z6TKivF1;94E7161D-0002
2024-02-10 11:43:39;9.00;eur;TRUE;341.62;thb;26.23;card;Paid;1.84;ES;prepaid;ES;cus_PA4ba9EwWCuOvp;DEF4B9B7-0003
2024-02-10 02:17:29;15.00;usd;TRUE;528.08;thb;35.08;card;Paid;2.46;CR;debit;CR;cus_Oz3U9bYMqP3ql6;E4884E0A-0003
2024-02-09 20:18:16;9.00;eur;TRUE;341.76;thb;26.23;card;Paid;1.84;ES;debit;ES;cus_PX4fbEPSZBxMAB;B4014A52-0002
2024-02-09 20:17:23;9.00;eur;TRUE;341.76;thb;26.23;card;Paid;1.84;ES;debit;ES;cus_PX4fbEPSZBxMAB;B4014A52-0001
2024-02-09 14:57:38;9.00;eur;TRUE;341.12;thb;26.20;card;Paid;1.83;ES;debit;ES;cus_P9kVyJXhrqEQUT;FFBACBCA-0003
2024-02-07 17:59:59;9.00;eur;TRUE;338.41;thb;26.07;card;Paid;1.82;ES;debit;ES;cus_OxoEIeRGxxrTH2;86476DC3-0004
2024-02-07 13:42:47;9.00;eur;TRUE;338.41;thb;26.07;card;Paid;1.82;ES;debit;ES;cus_Oxk43dL9D3RKK4;1302C27C-0004
2024-02-06 21:29:45;9.00;eur;TRUE;337.34;thb;26.02;card;Paid;1.82;ES;debit;ES;cus_PKL9znF4IrcbXM;708E27E1-0002
2024-02-04 17:48:01;150.00;mxn;TRUE;305.39;thb;24.51;card;Paid;1.72;MX;debit;MX;cus_PVA7PUr4f1l2VX;FBB385FC-0001
2024-02-03 17:51:03;15.00;usd;TRUE;523.37;thb;34.86;card;Paid;2.44;PA;debit;PA;cus_P3VmklptMelGFn;C715481A-0003
2024-02-03 16:32:14;150.00;mxn;TRUE;305.45;thb;24.51;card;Paid;1.72;MX;debit;MX;cus_P4DmUuVBNqmt26;99C0DB8D-0003
2024-02-03 15:50:43;9.00;eur;TRUE;338.72;thb;26.09;card;Paid;1.83;ES;debit;ES;cus_P7W0ON5MCj8Yzi;431AACEC-0003
2024-02-03 04:19:32;150.00;mxn;TRUE;305.48;thb;24.51;card;Paid;1.72;MX;debit;MX;cus_P7KsfpPclGvmNb;1C3A88C8-0003
2024-02-02 20:42:33;150.00;mxn;TRUE;303.43;thb;24.41;card;Paid;1.71;MX;credit;MX;cus_PDH77SXm4MGr8W;B34650E5-0004
2024-02-02 19:09:33;9.00;eur;TRUE;337.81;thb;26.05;card;Paid;1.82;ES;credit;ES;cus_P7C02D1MAKGi0y;55E5964B-0003
2024-02-02 18:02:08;9.00;eur;TRUE;337.81;thb;26.05;card;Paid;1.82;ES;debit;ES;cus_P7AuXdSld8WQ9n;ED03127E-0003
2024-02-02 13:22:15;9.00;eur;TRUE;337.81;thb;26.05;card;Paid;1.82;ES;debit;ES;cus_P76OwoD9i9u3NY;3811CC90-0003
2024-02-01 02:55:41;15.00;usd;TRUE;522.87;thb;34.84;card;Paid;2.44;MX;debit;MX;cus_P6YY51cnjMTpJ3;5832F41F-0003
2024-01-31 03:44:22;15.00;usd;TRUE;520.06;thb;34.70;card;Paid;2.43;US;debit;US;cus_PTRcnc7zYfcOBu;C1FDE871-0001
2024-01-30 20:05:14;9.00;eur;TRUE;338.38;thb;26.07;card;Paid;1.82;ES;debit;ES;cus_P6SR9wPtefJycd;3CA55D8A-0003
2024-01-29 20:51:40;9.00;eur;TRUE;339.60;thb;26.13;card;Paid;1.83;ES;debit;ES;cus_P65xWirOZlOvyJ;3D06AC33-0003
2024-01-29 16:11:40;9.00;eur;TRUE;339.60;thb;26.13;card;Paid;1.83;ES;debit;ES;cus_P61S5TNFsCj4T5;9F4D816D-0003
2024-01-28 21:10:18;9.00;eur;TRUE;341.36;thb;26.21;card;Paid;1.83;ES;credit;ES;cus_P5j2ISNcrIaF0n;B974865A-0003
2024-01-28 20:40:08;15.00;usd;TRUE;524.08;thb;34.89;card;Paid;2.44;PE;credit;PE;cus_P39wk2AAILkwqB;8AD5286E-0004
2024-01-28 20:38:02;9.00;eur;TRUE;341.36;thb;26.21;card;Paid;1.83;ES;debit;ES;cus_P5iWrTJKvG0STe;43528FAC-0003
2024-01-28 18:18:47;9.00;eur;TRUE;341.36;thb;26.21;card;Paid;1.83;ES;credit;ES;cus_P5gGCVWWYKQQm4;FC475270-0003
2024-01-26 23:55:39;9.00;eur;TRUE;341.21;thb;26.21;card;Paid;1.83;ES;credit;ES;cus_PGG17s4daTqgN4;E5618C97-0002
2024-01-26 19:23:15;15.00;usd;TRUE;522.97;thb;34.84;card;Paid;2.44;CL;credit;CL;cus_P4rK7Yw6Sz9gbv;D66F8328-0006
2024-01-26 13:38:59;15.00;usd;TRUE;522.97;thb;34.84;card;Paid;2.44;CL;credit;CL;cus_P4rK7Yw6Sz9gbv;D66F8328-0005
2024-01-26 12:24:41;15.00;usd;TRUE;522.97;thb;34.84;card;Paid;2.44;DE;debit;DE;cus_PG4tzJpHBXXXML;D917C358-0002
2024-01-26 02:59:58;15.00;usd;TRUE;525.51;thb;34.96;card;Paid;2.45;CL;credit;CL;cus_P4h0PFoFiwFxjE;65BB0A6F-0003
2024-01-25 20:06:56;15.00;usd;TRUE;524.83;thb;34.93;card;Paid;2.45;IT;credit;IT;cus_P4aMavYLRsNoLK;E77AC675-0003
2024-01-25 17:33:10;9.00;eur;TRUE;343.08;thb;26.30;card;Paid;1.84;ES;debit;ES;cus_P4Xs0jnzZFT53q;A5314389-0003
2024-01-25 17:12:57;9.00;eur;TRUE;343.08;thb;26.30;card;Paid;1.84;ES;credit;ES;cus_P4XXjM05OzbBBC;4,086918E+03
2024-01-25 13:38:22;9.00;eur;TRUE;343.08;thb;26.30;card;Paid;1.84;ES;debit;ES;cus_P4U52fjJRh9ADn;9C94E84A-0003
2024-01-25 01:04:21;15.00;usd;TRUE;525.73;thb;34.97;card;Paid;2.45;CL;debit;US;cus_P4HsJJIo4PnhAz;1E2E27D6-0003
2024-01-24 23:38:06;9.00;eur;TRUE;343.06;thb;26.30;card;Paid;1.84;ES;debit;ES;cus_PR8HuGnrn3WOsy;5B6865A9-0001
2024-01-24 21:07:40;15.00;usd;TRUE;524.92;thb;34.93;card;Paid;2.45;CL;credit;CL;cus_PEpKDhBrM7r2Ly;0B6E4845-0002
2024-01-24 13:08:35;9.00;eur;TRUE;343.06;thb;26.30;card;Paid;1.84;ES;debit;ES;cus_P46MHuJCvuRyx9;0491CF61-0003
2024-01-23 13:05:30;9.00;eur;TRUE;342.58;thb;26.27;card;Paid;1.84;AD;debit;AD;cus_PExsitwR3JvBzr;79D37F43-0002
2024-01-23 02:16:00;15.00;usd;TRUE;523.79;thb;34.88;card;Paid;2.44;US;debit;US;cus_PEnOXHoSX4RULA;76BE01C0-0002
2024-01-22 16:08:17;9.00;eur;TRUE;342.45;thb;26.27;card;Paid;1.84;ES;credit;ES;cus_P3OobdGRbqJTUw;8A9AFD48-0003
2024-01-22 03:26:46;9.00;eur;TRUE;341.37;thb;26.22;card;Paid;1.84;ES;debit;ES;cus_P3CXSPrSgfHW3T;A8730ABF-0003
2024-01-20 18:25:01;9.00;eur;TRUE;341.35;thb;26.21;card;Paid;1.83;ES;debit;ES;cus_PPYKbDcSsy81bC;824ED1AC-0001
2024-01-20 17:46:35;9.00;eur;TRUE;341.35;thb;26.21;card;Paid;1.83;ES;debit;ES;cus_PPXihzYFVGGCSb;1DB53FBC-0001
2024-01-20 15:24:59;9.00;eur;TRUE;341.35;thb;26.21;card;Paid;1.83;ES;credit;ES;cus_PPVQiR07Kpf1A5;8EC7B58B-0001
2024-01-19 23:29:03;150.00;mxn;TRUE;304.19;thb;24.45;card;Paid;1.71;MX;credit;MX;cus_PPG0v0Q42QPHKC;D49C4C61-0001
2024-01-19 18:06:37;9.00;eur;TRUE;340.52;thb;26.17;card;Paid;1.83;ES;debit;ES;cus_P5ereZCMM0CWwD;1F3F355C-0002
2024-01-19 13:09:49;15.00;usd;TRUE;521.28;thb;34.76;card;Paid;2.43;CL;credit;CL;cus_PDT3RapllljmOG;25AB3CFA-0002
2024-01-18 17:23:07;9.00;eur;TRUE;341.40;thb;26.22;card;Paid;1.84;ES;credit;ES;cus_P1v7jHyMDtt3Sh;F2EDE05C-0003
2024-01-17 09:34:59;9.00;eur;TRUE;339.79;thb;26.14;card;Paid;1.83;ES;debit;ES;cus_PCf7wE8aoYhviU;53040A07-0002
2024-01-16 13:51:46;9.00;eur;TRUE;339.75;thb;26.14;card;Paid;1.83;ES;debit;ES;cus_PBEMAmKbHRpo46;9E0DC9CA-0002
2024-01-14 17:57:32;9.00;eur;TRUE;337.12;thb;26.01;card;Paid;1.82;ES;debit;ES;cus_PNIXEoOn1wGL8i;68931E3E-0001
2024-01-14 16:24:30;9.00;eur;TRUE;337.12;thb;26.01;card;Paid;1.82;ES;debit;ES;cus_PNH2PIo6QDrzVM;E78F5361-0001
2024-01-13 18:22:09;9.00;eur;TRUE;337.25;thb;26.02;card;Paid;1.82;ES;debit;ES;cus_Oxo3qmq02OJXtf;2AFFA50C-0004
2024-01-13 14:59:07;9.00;eur;TRUE;337.25;thb;26.02;card;Paid;1.82;ES;debit;ES;cus_PMsQ5JLZwpJJbq;62C23647-0001
2024-01-13 14:38:38;9.00;eur;TRUE;337.25;thb;26.02;card;Paid;1.82;ES;credit;ES;cus_PMs62h0qkwEkNu;304092E2-0001
2024-01-13 14:11:08;9.00;eur;TRUE;337.25;thb;26.02;card;Paid;1.82;ES;debit;ES;cus_PMrefhUIYhsUl1;D3DB6723-0001
2024-01-11 15:28:17;9.00;eur;TRUE;339.57;thb;26.13;card;Paid;1.83;ES;debit;ES;cus_OzGgEW5nFqPeUd;0E136B7E-0003
2024-01-11 13:22:33;9.00;eur;TRUE;339.57;thb;26.13;card;Paid;1.83;ES;debit;ES;cus_PATQdcMOghWrcQ;FB81C1C0-0002
2024-01-10 12:52:41;9.00;eur;TRUE;338.13;thb;26.06;card;Paid;1.82;ES;debit;ES;cus_PLii71z6TKivF1;94E7161D-0001
2024-01-10 11:43:51;9.00;eur;TRUE;336.81;thb;26.00;card;Paid;1.82;ES;prepaid;ES;cus_PA4ba9EwWCuOvp;DEF4B9B7-0002
2024-01-10 01:07:17;9.00;eur;TRUE;336.81;thb;26.00;card;Paid;1.82;ES;debit;ES;cus_P9uMlWGx9ZIFb7;C4DCCB5C-0002
2024-01-09 14:58:01;9.00;eur;TRUE;337.30;thb;26.02;card;Paid;1.82;ES;debit;ES;cus_P9kVyJXhrqEQUT;FFBACBCA-0002
2024-01-08 00:20:18;150.00;mxn;TRUE;302.13;thb;24.35;card;Paid;1.70;MX;credit;MX;cus_OxuMNFNznXmAve;418ECED5-0003
2024-01-07 18:00:21;9.00;eur;TRUE;334.93;thb;25.91;card;Paid;1.81;ES;debit;ES;cus_OxoEIeRGxxrTH2;86476DC3-0003
2024-01-07 13:42:14;9.00;eur;TRUE;334.93;thb;25.91;card;Paid;1.81;ES;debit;ES;cus_Oxk43dL9D3RKK4;1302C27C-0003
2024-01-06 20:27:56;9.00;eur;TRUE;334.90;thb;25.91;card;Paid;1.81;ES;debit;ES;cus_PKL9znF4IrcbXM;708E27E1-0001
2024-01-04 11:04:55;9.00;eur;TRUE;331.87;thb;25.76;card;Paid;1.80;ES;credit;ES;cus_PJRceDwe1pEByF;6F9F5936-0001
2024-01-03 15:49:13;9.00;eur;TRUE;331.36;thb;25.74;card;Paid;1.80;ES;debit;ES;cus_P7W0ON5MCj8Yzi;431AACEC-0002
2024-01-03 04:20:31;150.00;mxn;TRUE;295.88;thb;24.05;card;Paid;1.68;MX;debit;MX;cus_P7KsfpPclGvmNb;1C3A88C8-0002
2024-01-02 19:10:29;9.00;eur;TRUE;331.24;thb;25.73;card;Paid;1.80;ES;credit;ES;cus_P7C02D1MAKGi0y;55E5964B-0002
2024-01-02 18:00:56;9.00;eur;TRUE;331.24;thb;25.73;card;Paid;1.80;ES;debit;ES;cus_P7AuXdSld8WQ9n;ED03127E-0002
2024-01-02 13:22:09;9.00;eur;TRUE;331.24;thb;25.73;card;Paid;1.80;ES;debit;ES;cus_P76OwoD9i9u3NY;3811CC90-0002
2024-01-01 11:32:41;25.00;usd;TRUE;842.96;thb;50.04;card;Paid;3.50;GR;credit;GR;;
2024-01-01 07:02:07;20.00;usd;TRUE;674.37;thb;42.03;card;Paid;2.94;US;debit;US;;
2024-01-01 04:35:35;25.00;usd;TRUE;842.96;thb;50.04;card;Paid;3.50;US;credit;US;;
2024-01-01 04:14:47;50.00;usd;TRUE;1685.91;thb;90.08;card;Paid;6.31;US;credit;US;;
2024-01-01 03:59:14;25.00;usd;TRUE;842.96;thb;50.04;card;Paid;3.50;US;debit;US;;
2024-01-01 03:53:32;33.00;usd;TRUE;1112.70;thb;62.85;card;Paid;4.40;US;debit;US;;
2024-01-01 03:32:30;25.00;usd;TRUE;842.96;thb;50.04;card;Paid;3.50;US;debit;US;;
2024-01-01 03:25:47;5.00;usd;TRUE;168.59;thb;18.01;card;Paid;1.26;US;credit;US;;
2024-01-01 03:21:47;5.00;usd;TRUE;168.59;thb;18.01;card;Paid;1.26;US;debit;US;;
2024-01-01 03:00:05;15.00;usd;TRUE;505.77;thb;34.02;card;Paid;2.38;MX;debit;MX;cus_P6YY51cnjMTpJ3;5832F41F-0002
2024-01-01 02:42:07;40.00;usd;TRUE;1348.73;thb;74.06;card;Paid;5.18;US;debit;US;;
2024-01-01 01:01:30;5.00;usd;TRUE;168.59;thb;18.01;card;Paid;1.26;US;credit;US;;
2023-12-30 23:21:57;15.00;usd;TRUE;505.34;thb;34.00;card;Paid;2.38;PA;debit;PA;cus_P3VmklptMelGFn;C715481A-0002
2023-12-30 20:05:16;9.00;eur;TRUE;334.82;thb;25.90;card;Paid;1.81;ES;debit;ES;cus_P6SR9wPtefJycd;3CA55D8A-0002
2023-12-29 20:51:16;9.00;eur;TRUE;335.08;thb;25.92;card;Paid;1.81;ES;debit;ES;cus_P65xWirOZlOvyJ;3D06AC33-0002
2023-12-29 16:12:12;9.00;eur;TRUE;335.08;thb;25.92;card;Paid;1.81;ES;debit;ES;cus_P61S5TNFsCj4T5;9F4D816D-0002
2023-12-28 21:10:15;9.00;eur;TRUE;335.04;thb;25.91;card;Paid;1.81;ES;credit;ES;cus_P5j2ISNcrIaF0n;B974865A-0002
2023-12-28 20:38:13;9.00;eur;TRUE;335.04;thb;25.91;card;Paid;1.81;ES;debit;ES;cus_P5iWrTJKvG0STe;43528FAC-0002
2023-12-28 18:18:35;9.00;eur;TRUE;335.04;thb;25.91;card;Paid;1.81;ES;credit;ES;cus_P5gGCVWWYKQQm4;FC475270-0002
2023-12-26 22:53:38;9.00;eur;TRUE;335.85;thb;25.95;card;Paid;1.82;ES;credit;ES;cus_PGG17s4daTqgN4;E5618C97-0001
2023-12-26 19:23:33;15.00;usd;TRUE;508.27;thb;34.14;card;Paid;2.39;CL;credit;CL;cus_P4rK7Yw6Sz9gbv;D66F8328-0004
2023-12-26 13:40:07;15.00;usd;TRUE;508.27;thb;34.14;card;Paid;2.39;CL;credit;CL;cus_P4rK7Yw6Sz9gbv;D66F8328-0003
2023-12-26 11:23:26;15.00;usd;TRUE;508.28;thb;34.14;card;Paid;2.39;DE;debit;DE;cus_PG4tzJpHBXXXML;D917C358-0001
2023-12-26 02:59:58;15.00;usd;TRUE;508.28;thb;34.14;card;Paid;2.39;CL;credit;CL;cus_P4h0PFoFiwFxjE;65BB0A6F-0002
2023-12-25 20:07:59;15.00;usd;TRUE;508.41;thb;34.15;card;Paid;2.39;IT;credit;IT;cus_P4aMavYLRsNoLK;E77AC675-0002
2023-12-25 17:33:10;9.00;eur;TRUE;335.50;thb;25.94;card;Paid;1.82;ES;debit;ES;cus_P4Xs0jnzZFT53q;A5314389-0002
2023-12-25 17:13:36;9.00;eur;TRUE;335.50;thb;25.94;card;Paid;1.82;ES;credit;ES;cus_P4XXjM05OzbBBC;4,086918E+04
2023-12-25 13:38:20;9.00;eur;TRUE;335.50;thb;25.94;card;Paid;1.82;ES;debit;ES;cus_P4U52fjJRh9ADn;9C94E84A-0002
2023-12-25 01:06:25;15.00;usd;TRUE;509.04;thb;34.18;card;Paid;2.39;CL;debit;US;cus_P4HsJJIo4PnhAz;1E2E27D6-0002
2023-12-24 13:08:03;9.00;eur;TRUE;336.09;thb;25.96;card;Paid;1.82;ES;debit;ES;cus_P46MHuJCvuRyx9;0491CF61-0002
2023-12-24 11:19:56;9.00;eur;TRUE;336.19;thb;25.97;card;Paid;1.82;ES;credit;ES;cus_PFKN0PR3xFjoFA;61971346-0001
2023-12-23 17:57:22;15.00;usd;TRUE;508.67;thb;34.16;card;Paid;2.39;EC;debit;EC;cus_PF3ZpVw1x60Xdc;45589F24-0001
2023-12-23 12:04:25;9.00;eur;TRUE;336.25;thb;25.97;card;Paid;1.82;AD;debit;AD;cus_PExsitwR3JvBzr;79D37F43-0001
2023-12-23 03:19:25;15.00;usd;TRUE;508.82;thb;34.17;three_d_secure_2;Paid;2.39;CL;credit;CL;cus_PEpKDhBrM7r2Ly;0B6E4845-0001
2023-12-23 01:15:21;15.00;usd;TRUE;508.82;thb;34.17;card;Paid;2.39;US;debit;US;cus_PEnOXHoSX4RULA;76BE01C0-0001
2023-12-22 16:08:13;9.00;eur;TRUE;336.06;thb;25.96;card;Paid;1.82;ES;credit;ES;cus_P3OobdGRbqJTUw;8A9AFD48-0002
2023-12-22 03:27:11;9.00;eur;TRUE;336.91;thb;26.00;card;Paid;1.82;ES;debit;ES;cus_P3CXSPrSgfHW3T;A8730ABF-0002
2023-12-22 00:45:42;15.00;usd;TRUE;510.17;thb;34.23;card;Paid;2.40;PE;credit;PE;cus_P39wk2AAILkwqB;8AD5286E-0002
2023-12-21 19:42:27;150.00;mxn;TRUE;299.23;thb;24.21;card;Paid;1.69;MX;debit;MX;cus_P3531Ohuz8oeCz;C76ED690-0002
2023-12-19 12:09:36;15.00;usd;TRUE;513.80;thb;34.41;card;Paid;2.41;CL;credit;CL;cus_PDT3RapllljmOG;25AB3CFA-0001
2023-12-18 23:50:45;150.00;mxn;TRUE;298.18;thb;24.16;card;Paid;1.69;MX;credit;MX;cus_PDH77SXm4MGr8W;B34650E5-0001
2023-12-18 17:22:22;9.00;eur;TRUE;336.98;thb;26.01;card;Paid;1.82;ES;credit;ES;cus_P1v7jHyMDtt3Sh;F2EDE05C-0002
2023-12-17 16:14:36;1.00;eur;TRUE;37.28;thb;11.77;card;Paid;0.82;CL;debit;CL;;
2023-12-17 08:33:27;9.00;eur;TRUE;335.58;thb;25.94;card;Paid;1.82;ES;debit;ES;cus_PCf7wE8aoYhviU;53040A07-0001
2023-12-17 03:45:45;1.00;eur;TRUE;37.29;thb;11.77;card;Paid;0.82;MX;credit;MX;;
2023-12-16 03:52:56;150.00;mxn;TRUE;298.20;thb;24.16;card;Paid;1.69;MX;debit;MX;cus_PCDM4UUGYCG1Zq;0B236D35-0001
2023-12-16 01:10:49;5.00;eur;TRUE;186.38;thb;18.85;card;Paid;1.32;US;debit;US;;
2023-12-13 17:21:17;9.00;eur;TRUE;340.37;thb;26.17;card;Paid;1.83;ES;debit;ES;cus_Oxo3qmq02OJXtf;2AFFA50C-0003
2023-12-13 12:50:35;9.00;eur;TRUE;340.37;thb;26.17;card;Paid;1.83;ES;debit;ES;cus_PBEMAmKbHRpo46;9E0DC9CA-0001
2023-12-11 15:27:57;9.00;eur;TRUE;338.85;thb;26.10;card;Paid;1.83;ES;debit;ES;cus_OzGgEW5nFqPeUd;0E136B7E-0002
2023-12-11 12:21:04;9.00;eur;TRUE;338.85;thb;26.10;card;Paid;1.83;ES;debit;ES;cus_PATQdcMOghWrcQ;FB81C1C0-0001
2023-12-10 13:44:36;9.00;eur;TRUE;337.47;thb;26.03;card;Paid;1.82;ES;debit;ES;cus_Oxk43dL9D3RKK4;1302C27C-0002
2023-12-10 10:42:16;9.00;eur;TRUE;337.44;thb;26.03;card;Paid;1.82;ES;prepaid;ES;cus_PA4ba9EwWCuOvp;DEF4B9B7-0001
2023-12-10 00:06:37;9.00;eur;TRUE;337.61;thb;26.04;card;Paid;1.82;ES;debit;ES;cus_P9uMlWGx9ZIFb7;C4DCCB5C-0001
2023-12-09 13:56:19;9.00;eur;TRUE;337.61;thb;26.04;card;Paid;1.82;ES;debit;ES;cus_P9kVyJXhrqEQUT;FFBACBCA-0001
2023-12-08 00:23:40;150.00;mxn;TRUE;295.68;thb;24.04;card;Paid;1.68;MX;credit;MX;cus_OxuMNFNznXmAve;418ECED5-0002
2023-12-07 18:04:46;9.00;eur;TRUE;334.49;thb;25.89;card;Paid;1.81;ES;debit;ES;cus_OxoEIeRGxxrTH2;86476DC3-0002
2023-12-04 19:08:00;9.00;eur;TRUE;334.95;thb;25.91;card;Paid;1.81;ES;debit;ES;cus_P7xP9yJhH73cxg;BDD4D6A8-0001
2023-12-03 14:48:40;9.00;eur;TRUE;334.90;thb;25.91;card;Paid;1.81;ES;debit;ES;cus_P7W0ON5MCj8Yzi;431AACEC-0001
2023-12-03 14:06:47;9.00;eur;TRUE;334.90;thb;25.91;card;Paid;1.81;ES;debit;ES;cus_P7VK4KFL10RsmV;6C0A041A-0001
2023-12-03 11:10:49;99.00;eur;TRUE;3683.52;thb;184.97;card;Paid;12.95;ES;credit;ES;cus_P7SUgkMCwhqT7S;29E2A0D2-0001
2023-12-03 03:18:32;150.00;mxn;TRUE;298.35;thb;24.17;card;Paid;1.69;MX;debit;MX;cus_P7KsfpPclGvmNb;1C3A88C8-0001
2023-12-02 18:08:44;9.00;eur;TRUE;335.00;thb;25.91;card;Paid;1.81;ES;credit;ES;cus_P7C02D1MAKGi0y;55E5964B-0001
2023-12-02 17:00:30;9.00;eur;TRUE;335.00;thb;25.91;card;Paid;1.81;ES;debit;ES;cus_P7AuXdSld8WQ9n;ED03127E-0001
2023-12-02 12:20:52;9.00;eur;TRUE;335.00;thb;25.91;card;Paid;1.81;ES;debit;ES;cus_P76OwoD9i9u3NY;3811CC90-0001
2023-12-01 01:22:38;15.00;usd;TRUE;518.60;thb;34.63;card;Paid;2.42;MX;debit;MX;cus_P6YY51cnjMTpJ3;5832F41F-0001
2023-11-30 19:04:20;9.00;eur;TRUE;339.47;thb;26.12;card;Paid;1.83;ES;debit;ES;cus_P6SR9wPtefJycd;3CA55D8A-0001
2023-11-29 19:50:15;9.00;eur;TRUE;337.75;thb;26.04;card;Paid;1.82;ES;debit;ES;cus_P65xWirOZlOvyJ;3D06AC33-0001
2023-11-29 15:10:57;9.00;eur;TRUE;337.75;thb;26.04;card;Paid;1.82;ES;debit;ES;cus_P61S5TNFsCj4T5;9F4D816D-0001
2023-11-28 20:08:55;9.00;eur;TRUE;337.47;thb;26.03;card;Paid;1.82;ES;credit;ES;cus_P5j2ISNcrIaF0n;B974865A-0001
2023-11-28 19:36:29;9.00;eur;TRUE;337.47;thb;26.03;card;Paid;1.82;ES;debit;ES;cus_P5iWrTJKvG0STe;43528FAC-0001
2023-11-28 17:17:15;9.00;eur;TRUE;337.47;thb;26.03;card;Paid;1.82;ES;credit;ES;cus_P5gGCVWWYKQQm4;FC475270-0001
2023-11-28 15:50:04;9.00;eur;TRUE;337.47;thb;26.03;card;Paid;1.82;ES;debit;ES;cus_P5ereZCMM0CWwD;1F3F355C-0001
2023-11-26 18:22:11;15.00;usd;TRUE;519.70;thb;34.69;card;Paid;2.43;CL;credit;CL;cus_P4rK7Yw6Sz9gbv;D66F8328-0002
2023-11-26 12:38:24;15.00;usd;TRUE;519.70;thb;34.69;card;Paid;2.43;CL;credit;CL;cus_P4rK7Yw6Sz9gbv;D66F8328-0001
2023-11-26 01:58:31;15.00;usd;TRUE;519.72;thb;34.69;card;Paid;2.43;CL;credit;CL;cus_P4h0PFoFiwFxjE;65BB0A6F-0001
2023-11-25 19:06:32;15.00;usd;TRUE;519.59;thb;34.68;card;Paid;2.43;IT;credit;IT;cus_P4aMavYLRsNoLK;E77AC675-0001
2023-11-25 16:32:24;9.00;eur;TRUE;341.10;thb;26.20;card;Paid;1.83;ES;debit;ES;cus_P4Xs0jnzZFT53q;A5314389-0001
2023-11-25 16:12:05;9.00;eur;TRUE;341.10;thb;26.20;card;Paid;1.83;ES;credit;ES;cus_P4XXjM05OzbBBC;4,086918E+05
2023-11-25 12:37:30;9.00;eur;TRUE;341.10;thb;26.20;card;Paid;1.83;ES;debit;ES;cus_P4U52fjJRh9ADn;9C94E84A-0001
2023-11-25 00:00:47;15.00;usd;TRUE;521.09;thb;34.75;card;Paid;2.43;CL;debit;US;cus_P4HsJJIo4PnhAz;1E2E27D6-0001
2023-11-24 19:56:48;150.00;mxn;TRUE;304.00;thb;24.44;card;Paid;1.71;MX;credit;MX;cus_P4DmUuVBNqmt26;99C0DB8D-0001
2023-11-24 17:02:58;9.00;eur;TRUE;341.22;thb;26.21;card;Paid;1.83;ES;debit;ES;cus_P4B7To7VbLnAb5;E3C25F39-0001
2023-11-24 12:06:59;9.00;eur;TRUE;339.49;thb;26.13;card;Paid;1.83;ES;debit;ES;cus_P46MHuJCvuRyx9;0491CF61-0001
2023-11-22 22:18:48;15.00;usd;TRUE;517.34;thb;34.57;card;Paid;2.42;PA;debit;PA;cus_P3VmklptMelGFn;C715481A-0001
2023-11-22 15:07:05;9.00;eur;TRUE;338.39;thb;26.07;card;Paid;1.82;ES;credit;ES;cus_P3OobdGRbqJTUw;8A9AFD48-0001
2023-11-22 04:28:19;160.00;usd;TRUE;5515.93;thb;272.01;card;Paid;19.04;AR;credit;AR;cus_P3EVdWKLe1LQuK;16CF5A93-0001
2023-11-22 02:25:41;9.00;eur;TRUE;338.72;thb;26.09;card;Paid;1.83;ES;debit;ES;cus_P3CXSPrSgfHW3T;A8730ABF-0001
2023-11-21 23:44:50;15.00;usd;TRUE;517.46;thb;34.58;card;Paid;2.42;PE;credit;PE;cus_P39wk2AAILkwqB;8AD5286E-0001
2023-11-21 18:44:48;150.00;mxn;TRUE;302.82;thb;24.38;card;Paid;1.71;MX;debit;MX;cus_P3531Ohuz8oeCz;C76ED690-0001
2023-11-18 16:23:08;9.00;eur;TRUE;338.12;thb;26.06;card;Paid;1.82;ES;credit;ES;cus_P1v7jHyMDtt3Sh;F2EDE05C-0001
2023-11-11 14:27:02;9.00;eur;TRUE;339.34;thb;26.12;card;Paid;1.83;ES;debit;ES;cus_OzGgEW5nFqPeUd;0E136B7E-0001
2023-11-11 00:48:22;15.00;usd;TRUE;529.39;thb;35.15;card;Paid;2.46;CR;debit;CR;cus_Oz3U9bYMqP3ql6;E4884E0A-0001
2023-11-09 21:41:20;99.00;eur;TRUE;3689.27;thb;185.24;card;Paid;12.97;ES;debit;ES;cus_OydE5xMpJsHWxk;66D8601B-0001
2023-11-08 19:07:01;9.00;eur;TRUE;334.54;thb;25.89;card;Paid;1.81;ES;debit;ES;cus_OyDWfBvpmvpGe5;BC7161C1-0001
2023-11-07 23:19:23;150.00;mxn;TRUE;297.39;thb;24.13;card;Paid;1.69;MX;credit;MX;cus_OxuMNFNznXmAve;418ECED5-0001
2023-11-07 17:52:33;9.00;eur;TRUE;334.85;thb;25.91;card;Paid;1.81;ES;credit;ES;cus_Oxp69mpoumoMaq;EC97B2D8-0001
2023-11-07 16:59:12;9.00;eur;TRUE;334.85;thb;25.91;card;Paid;1.81;ES;debit;ES;cus_OxoEIeRGxxrTH2;86476DC3-0001
2023-11-07 16:47:39;9.00;eur;TRUE;334.85;thb;25.91;card;Paid;1.81;ES;debit;ES;cus_Oxo3qmq02OJXtf;2AFFA50C-0001
2023-11-07 12:41:03;9.00;eur;TRUE;334.85;thb;25.91;card;Paid;1.81;ES;debit;ES;cus_Oxk43dL9D3RKK4;1302C27C-0001